,repetitions,num_vms,rps,interface,repetition,vm_number,op,avg_us,95th_us,99th_us,ops,runtime,ops_per_sec
0,2,2,-1,bridge-e1000,0,1,read,288.2985741363381,368.0,443.0,104989.0,,
1,2,2,-1,bridge-e1000,0,1,update,284.2340467866178,364.0,440.0,105543.0,,
2,2,2,-1,bridge-e1000,0,1,overall,,,,,61016.0,3450.4392290546743
0,2,2,-1,bridge-e1000,0,2,read,283.04425293189513,414.0,445.0,108377.0,,
1,2,2,-1,bridge-e1000,0,2,update,272.9428197856433,411.0,444.0,108604.0,,
2,2,2,-1,bridge-e1000,0,2,overall,,,,,61016.0,3556.1328176216075
