,repetitions,num_vms,rps,interface,repetition,vm_number,op,avg_us,95th_us,99th_us,ops,runtime,ops_per_sec
0,2,2,-1,bridge,0,1,read,327.41073019895,462.0,482.0,93139.0,,
1,2,2,-1,bridge,0,1,update,321.85463572584996,457.0,479.0,92650.0,,
2,2,2,-1,bridge,0,1,overall,,,,,61023.0,3044.573357586484
0,2,2,-1,bridge,0,2,read,382.49724216093693,467.0,488.0,79410.0,,
1,2,2,-1,bridge,0,2,update,376.8563250927848,461.0,484.0,79485.0,,
2,2,2,-1,bridge,0,2,overall,,,,,61019.0,2604.024975827201
