,repetitions,num_vms,rps,interface,repetition,vm_number,op,avg_us,95th_us,99th_us,ops,runtime,ops_per_sec
0,2,2,-1,vmux-emu,1,1,read,228.41044211684354,283.0,375.0,130893.0,,
1,2,2,-1,vmux-emu,1,1,update,229.7705767238402,268.0,375.0,130305.0,,
2,2,2,-1,vmux-emu,1,1,overall,,,,,61018.0,4280.671277328001
0,2,2,-1,vmux-emu,1,2,read,228.40339983868267,283.0,374.0,131418.0,,
1,2,2,-1,vmux-emu,1,2,update,228.82004052592288,267.0,374.0,131274.0,,
2,2,2,-1,vmux-emu,1,2,overall,,,,,61020.0,4305.0147492625365
