,repetitions,num_vms,rps,interface,repetition,vm_number,op,avg_us,95th_us,99th_us,ops,runtime,ops_per_sec
0,2,2,-1,bridge-e1000,1,1,read,167.57418035527226,270.0,286.0,179468.0,,
1,2,2,-1,bridge-e1000,1,1,update,166.34720105037107,269.0,285.0,179746.0,,
2,2,2,-1,bridge-e1000,1,1,overall,,,,,61025.0,5886.341663252765
0,2,2,-1,bridge-e1000,1,2,read,166.69921531058085,268.0,291.0,180581.0,,
1,2,2,-1,bridge-e1000,1,2,update,165.50821433119785,266.0,292.0,180599.0,,
2,2,2,-1,bridge-e1000,1,2,overall,,,,,61015.0,5919.52798492174
