,repetitions,num_vms,rps,interface,repetition,vm_number,op,avg_us,95th_us,99th_us,ops,runtime,ops_per_sec
0,2,2,-1,vmux-dpdk-e810,1,1,read,94.27897981764099,110.0,148.0,319041.0,,
1,2,2,-1,vmux-dpdk-e810,1,1,update,92.88823757934246,109.0,147.0,319186.0,,
2,2,2,-1,vmux-dpdk-e810,1,1,overall,,,,,61020.0,10459.308423467715
0,2,2,-1,vmux-dpdk-e810,1,2,read,93.64775003756198,110.0,147.0,319472.0,,
1,2,2,-1,vmux-dpdk-e810,1,2,update,92.57269620086763,109.0,145.0,319494.0,,
2,2,2,-1,vmux-dpdk-e810,1,2,overall,,,,,61023.0,10470.904413090146
