,repetitions,num_vms,rps,interface,repetition,vm_number,op,avg_us,95th_us,99th_us,ops,runtime,ops_per_sec
0,2,2,-1,vmux-emu,0,1,read,488.5534672200226,602.0,639.0,62889.0,,
1,2,2,-1,vmux-emu,0,1,update,480.8217321053482,598.0,638.0,61890.0,,
2,2,2,-1,vmux-emu,0,1,overall,,,,,61018.0,2044.9539480153398
0,2,2,-1,vmux-emu,0,2,read,499.33433660630584,613.0,652.0,60801.0,,
1,2,2,-1,vmux-emu,0,2,update,494.85325309524984,609.0,650.0,60819.0,,
2,2,2,-1,vmux-emu,0,2,overall,,,,,61010.0,1993.4436977544665
