,repetitions,num_vms,rps,interface,repetition,vm_number,op,avg_us,95th_us,99th_us,ops,runtime,ops_per_sec
0,2,2,-1,vmux-med,1,1,read,95.41976455120165,111.0,150.0,313359.0,,
1,2,2,-1,vmux-med,1,1,update,94.5997994654541,111.0,149.0,313163.0,,
2,2,2,-1,vmux-med,1,1,overall,,,,,61024.0,10266.81305715784
0,2,2,-1,vmux-med,1,2,read,96.3559531707192,113.0,156.0,312027.0,,
1,2,2,-1,vmux-med,1,2,update,94.83199672169985,112.0,154.0,312357.0,,
2,2,2,-1,vmux-med,1,2,overall,,,,,61018.0,10232.783768723983
