,repetitions,num_vms,rps,interface,repetition,vm_number,op,avg_us,95th_us,99th_us,ops,runtime,ops_per_sec
0,2,2,-1,bridge,1,1,read,320.184742015002,449.0,470.0,94521.0,,
1,2,2,-1,bridge,1,1,update,316.8053057174225,444.0,467.0,94728.0,,
2,2,2,-1,bridge,1,1,overall,,,,,61019.0,3101.476589259083
0,2,2,-1,bridge,1,2,read,274.5395680217338,449.0,476.0,111163.0,,
1,2,2,-1,bridge,1,2,update,268.8047971813172,443.0,470.0,110690.0,,
2,2,2,-1,bridge,1,2,overall,,,,,61018.0,3635.8615490510997
