,repetitions,num_vms,rps,interface,repetition,vm_number,op,avg_us,95th_us,99th_us,ops,runtime,ops_per_sec
0,2,2,-1,bridge-e1000,1,1,read,309.69030732860523,459.0,484.0,98559.0,,
1,2,2,-1,bridge-e1000,1,1,update,304.0560317557501,456.0,482.0,97998.0,,
2,2,2,-1,bridge-e1000,1,1,overall,,,,,61017.0,3221.3481488765424
0,2,2,-1,bridge-e1000,1,2,read,307.1668246923542,451.0,473.0,99140.0,,
1,2,2,-1,bridge-e1000,1,2,update,301.4827255568901,447.0,470.0,99077.0,,
2,2,2,-1,bridge-e1000,1,2,overall,,,,,61015.0,3248.6601655330655
