,repetitions,num_vms,rps,interface,repetition,vm_number,op,avg_us,95th_us,99th_us,ops,runtime,ops_per_sec
0,2,2,-1,vmux-med,1,1,read,247.42909171263483,410.0,455.0,122186.0,,
1,2,2,-1,vmux-med,1,1,update,244.71232096354166,406.0,452.0,122880.0,,
2,2,2,-1,vmux-med,1,1,overall,,,,,61022.0,4016.027006653338
0,2,2,-1,vmux-med,1,2,read,288.00467658381257,427.0,500.0,105205.0,,
1,2,2,-1,vmux-med,1,2,update,285.01167326253454,423.0,495.0,105369.0,,
2,2,2,-1,vmux-med,1,2,overall,,,,,61021.0,3450.8447911374774
