,repetitions,num_vms,rps,interface,repetition,vm_number,op,avg_us,95th_us,99th_us,ops,runtime,ops_per_sec
0,2,2,-1,vmux-med,0,1,read,96.74672168611875,123.0,156.0,310678.0,,
1,2,2,-1,vmux-med,0,1,update,95.23334352717733,121.0,155.0,310645.0,,
2,2,2,-1,vmux-med,0,1,overall,,,,,61022.0,10181.950771852775
0,2,2,-1,vmux-med,0,2,read,96.44130407555726,116.0,157.0,311393.0,,
1,2,2,-1,vmux-med,0,2,update,95.18069848863341,115.0,157.0,311043.0,,
2,2,2,-1,vmux-med,0,2,overall,,,,,61015.0,10201.360321232483
