,repetitions,num_vms,rps,interface,repetition,vm_number,op,avg_us,95th_us,99th_us,ops,runtime,ops_per_sec
0,2,2,-1,bridge-vhost,0,1,read,232.8888727094366,420.0,439.0,130481.0,,
1,2,2,-1,bridge-vhost,0,1,update,228.87581794610185,416.0,435.0,130357.0,,
2,2,2,-1,bridge-vhost,0,1,overall,,,,,61012.0,4275.1917655543175
0,2,2,-1,bridge-vhost,0,2,read,245.01407668980607,426.0,442.0,124319.0,,
1,2,2,-1,bridge-vhost,0,2,update,240.14380725614433,420.0,436.0,123895.0,,
2,2,2,-1,bridge-vhost,0,2,overall,,,,,61019.0,4067.814942886642
