,repetitions,num_vms,rps,interface,repetition,vm_number,op,avg_us,95th_us,99th_us,ops,runtime,ops_per_sec
0,2,2,-1,vmux-dpdk-e810,1,1,read,95.03927201852859,113.0,149.0,316052.0,,
1,2,2,-1,vmux-dpdk-e810,1,1,update,93.77405356780864,112.0,148.0,315712.0,,
2,2,2,-1,vmux-dpdk-e810,1,1,overall,,,,,61016.0,10354.071063327652
0,2,2,-1,vmux-dpdk-e810,1,2,read,94.15504450572575,111.0,150.0,318386.0,,
1,2,2,-1,vmux-dpdk-e810,1,2,update,93.22281362619853,110.0,149.0,318827.0,,
2,2,2,-1,vmux-dpdk-e810,1,2,overall,,,,,61016.0,10443.375508063458
