,repetitions,num_vms,rps,interface,repetition,vm_number,op,avg_us,95th_us,99th_us,ops,runtime,ops_per_sec
0,2,2,-1,vmux-emu,1,1,read,489.84367305170923,593.0,637.0,62542.0,,
1,2,2,-1,vmux-emu,1,1,update,483.48124503783396,588.0,633.0,61717.0,,
2,2,2,-1,vmux-emu,1,1,overall,,,,,61018.0,2036.4318725621947
0,2,2,-1,vmux-emu,1,2,read,468.9912271251135,592.0,630.0,64973.0,,
1,2,2,-1,vmux-emu,1,2,update,461.7741443578448,588.0,627.0,64922.0,,
2,2,2,-1,vmux-emu,1,2,overall,,,,,61018.0,2128.798059588974
