,repetitions,num_vms,rps,interface,repetition,vm_number,op,avg_us,95th_us,99th_us,ops,runtime,ops_per_sec
0,2,2,-1,vmux-dpdk-e810,0,1,read,95.55340625856584,116.0,155.0,313746.0,,
1,2,2,-1,vmux-dpdk-e810,0,1,update,94.24109247413072,115.0,154.0,314369.0,,
2,2,2,-1,vmux-dpdk-e810,0,1,overall,,,,,61016.0,10294.267077487872
0,2,2,-1,vmux-dpdk-e810,0,2,read,95.99681387196047,117.0,156.0,312919.0,,
1,2,2,-1,vmux-dpdk-e810,0,2,update,94.9483194946311,116.0,156.0,312168.0,,
2,2,2,-1,vmux-dpdk-e810,0,2,overall,,,,,61010.0,10245.648254384527
