,repetitions,num_vms,rps,interface,repetition,vm_number,op,avg_us,95th_us,99th_us,ops,runtime,ops_per_sec
0,2,2,-1,bridge-e1000,0,1,read,165.94592286501378,269.0,293.0,181500.0,,
1,2,2,-1,bridge-e1000,0,1,update,164.65488247975168,268.0,291.0,181373.0,,
2,2,2,-1,bridge-e1000,0,1,overall,,,,,61016.0,5947.17778943228
0,2,2,-1,bridge-e1000,0,2,read,167.14813133521926,269.0,294.0,180637.0,,
1,2,2,-1,bridge-e1000,0,2,update,165.5395968462345,267.0,293.0,180229.0,,
2,2,2,-1,bridge-e1000,0,2,overall,,,,,61017.0,5914.187849287903
