,repetitions,num_vms,rps,interface,repetition,vm_number,op,avg_us,95th_us,99th_us,ops,runtime,ops_per_sec
0,2,2,-1,bridge-vhost,1,1,read,273.03560375707156,433.0,453.0,110831.0,,
1,2,2,-1,bridge-vhost,1,1,update,268.3323767120838,428.0,450.0,111852.0,,
2,2,2,-1,bridge-vhost,1,1,overall,,,,,61018.0,3649.4640925628505
0,2,2,-1,bridge-vhost,1,2,read,274.96748774697846,436.0,456.0,110789.0,,
1,2,2,-1,bridge-vhost,1,2,update,269.72394236248675,430.0,451.0,110553.0,,
2,2,2,-1,bridge-vhost,1,2,overall,,,,,61020.0,3627.3680760406423
