,repetitions,num_vms,rps,interface,repetition,vm_number,op,avg_us,95th_us,99th_us,ops,runtime,ops_per_sec
0,2,2,-1,vmux-dpdk-e810,0,1,read,179.9580986708718,346.0,418.0,168682.0,,
1,2,2,-1,vmux-dpdk-e810,0,1,update,176.95423220174126,354.0,415.0,168612.0,,
2,2,2,-1,vmux-dpdk-e810,0,1,overall,,,,,61014.0,5528.141082374537
0,2,2,-1,vmux-dpdk-e810,0,2,read,246.36591438178996,408.0,481.0,123712.0,,
1,2,2,-1,vmux-dpdk-e810,0,2,update,243.1823711180504,403.0,476.0,122651.0,,
2,2,2,-1,vmux-dpdk-e810,0,2,overall,,,,,61015.0,4037.744816848316
