,repetitions,num_vms,rps,interface,repetition,vm_number,op,avg_us,95th_us,99th_us,ops,runtime,ops_per_sec
0,2,2,-1,bridge,1,1,read,107.5070990029829,122.0,135.0,281941.0,,
1,2,2,-1,bridge,1,1,update,105.427298722981,120.0,133.0,281515.0,,
2,2,2,-1,bridge,1,1,overall,,,,,61015.0,9234.712775546997
0,2,2,-1,bridge,1,2,read,113.49497072342912,127.0,137.0,266937.0,,
1,2,2,-1,bridge,1,2,update,110.55748138674804,124.0,133.0,267417.0,,
2,2,2,-1,bridge,1,2,overall,,,,,61016.0,8757.604562737642
