,repetitions,num_vms,rps,interface,repetition,vm_number,op,avg_us,95th_us,99th_us,ops,runtime,ops_per_sec
0,2,2,-1,vmux-med,0,1,read,148.64630033335615,365.0,419.0,204586.0,,
1,2,2,-1,vmux-med,0,1,update,144.95457967132342,362.0,414.0,204578.0,,
2,2,2,-1,vmux-med,0,1,overall,,,,,61015.0,6705.957551421781
0,2,2,-1,vmux-med,0,2,read,146.8720004651005,363.0,414.0,206407.0,,
1,2,2,-1,vmux-med,0,2,update,143.6056334627494,359.0,415.0,207084.0,,
2,2,2,-1,vmux-med,0,2,overall,,,,,61016.0,6776.763471876229
