,repetitions,num_vms,rps,interface,repetition,vm_number,op,avg_us,95th_us,99th_us,ops,runtime,ops_per_sec
0,2,2,-1,vmux-dpdk-e810,1,1,read,172.7049803422494,365.0,423.0,176012.0,,
1,2,2,-1,vmux-dpdk-e810,1,1,update,169.33493896328687,361.0,419.0,175632.0,,
2,2,2,-1,vmux-dpdk-e810,1,1,overall,,,,,61016.0,5763.144093352564
0,2,2,-1,vmux-dpdk-e810,1,2,read,195.4053443395318,377.0,427.0,155791.0,,
1,2,2,-1,vmux-dpdk-e810,1,2,update,191.31721335716398,373.0,423.0,155542.0,,
2,2,2,-1,vmux-dpdk-e810,1,2,overall,,,,,61017.0,5102.397692446368
