,repetitions,num_vms,rps,interface,repetition,vm_number,op,avg_us,95th_us,99th_us,ops,runtime,ops_per_sec
0,2,2,-1,bridge,1,1,read,115.91949279079918,129.0,148.0,261194.0,,
1,2,2,-1,bridge,1,1,update,112.85964083535875,126.0,146.0,262498.0,,
2,2,2,-1,bridge,1,1,overall,,,,,61015.0,8583.004179300173
0,2,2,-1,bridge,1,2,read,104.42566554602647,120.0,136.0,288823.0,,
1,2,2,-1,bridge,1,2,update,102.66495986189038,118.0,133.0,289625.0,,
2,2,2,-1,bridge,1,2,overall,,,,,61015.0,9480.42284684094
