,repetitions,num_vms,rps,interface,repetition,vm_number,op,avg_us,95th_us,99th_us,ops,runtime,ops_per_sec
0,2,2,-1,vmux-dpdk-e810,1,1,read,95.73113685781148,119.0,167.0,313654.0,,
1,2,2,-1,vmux-dpdk-e810,1,1,update,94.68356774533437,119.0,168.0,313195.0,,
2,2,2,-1,vmux-dpdk-e810,1,1,overall,,,,,61018.0,10273.181684093219
0,2,2,-1,vmux-dpdk-e810,1,2,read,92.77632125219202,109.0,149.0,322762.0,,
1,2,2,-1,vmux-dpdk-e810,1,2,update,92.11730606133094,109.0,149.0,321893.0,,
2,2,2,-1,vmux-dpdk-e810,1,2,overall,,,,,61016.0,10565.3435164547
