,repetitions,num_vms,rps,interface,repetition,vm_number,op,avg_us,95th_us,99th_us,ops,runtime,ops_per_sec
0,2,2,-1,vmux-dpdk-e810,0,1,read,94.09975983395309,112.0,156.0,318946.0,,
1,2,2,-1,vmux-dpdk-e810,0,1,update,92.95133931515755,112.0,156.0,318409.0,,
2,2,2,-1,vmux-dpdk-e810,0,1,overall,,,,,61016.0,10445.702766487479
0,2,2,-1,vmux-dpdk-e810,0,2,read,93.74196716404882,113.0,155.0,320746.0,,
1,2,2,-1,vmux-dpdk-e810,0,2,update,92.53993332729301,112.0,155.0,320071.0,,
2,2,2,-1,vmux-dpdk-e810,0,2,overall,,,,,61020.0,10501.75352343494
