,repetitions,num_vms,rps,interface,repetition,vm_number,op,avg_us,95th_us,99th_us,ops,runtime,ops_per_sec
0,2,2,-1,bridge-vhost,0,1,read,95.6416397088238,117.0,132.0,317471.0,,
1,2,2,-1,bridge-vhost,0,1,update,92.76745122845445,114.0,129.0,317757.0,,
2,2,2,-1,bridge-vhost,0,1,overall,,,,,61015.0,10411.013685159387
0,2,2,-1,bridge-vhost,0,2,read,96.09661145558508,109.0,130.0,314973.0,,
1,2,2,-1,bridge-vhost,0,2,update,93.47014767365796,106.0,127.0,316441.0,,
2,2,2,-1,bridge-vhost,0,2,overall,,,,,61015.0,10348.50446611489
