,repetitions,num_vms,rps,interface,repetition,vm_number,op,avg_us,95th_us,99th_us,ops,runtime,ops_per_sec
0,2,2,-1,bridge-e1000,0,1,read,145.14542340995152,158.0,281.0,207305.0,,
1,2,2,-1,bridge-e1000,0,1,update,144.65633567709472,159.0,282.0,206079.0,,
2,2,2,-1,bridge-e1000,0,1,overall,,,,,61015.0,6775.120871916742
0,2,2,-1,bridge-e1000,0,2,read,162.3374234125008,266.0,285.0,184756.0,,
1,2,2,-1,bridge-e1000,0,2,update,162.41389623524194,265.0,284.0,184899.0,,
2,2,2,-1,bridge-e1000,0,2,overall,,,,,61016.0,6058.328962894979
