,repetitions,num_vms,rps,interface,repetition,vm_number,op,avg_us,95th_us,99th_us,ops,runtime,ops_per_sec
0,2,2,-1,vmux-emu,0,1,read,233.39717289321712,332.0,375.0,129178.0,,
1,2,2,-1,vmux-emu,0,1,update,231.84725293417247,326.0,376.0,129338.0,,
2,2,2,-1,vmux-emu,0,1,overall,,,,,61016.0,4236.855906647436
0,2,2,-1,vmux-emu,0,2,read,232.2500521215397,329.0,372.0,129505.0,,
1,2,2,-1,vmux-emu,0,2,update,232.48006357328373,321.0,374.0,128985.0,,
2,2,2,-1,vmux-emu,0,2,overall,,,,,61021.0,4236.082660067846
