,repetitions,num_vms,rps,interface,repetition,vm_number,op,avg_us,95th_us,99th_us,ops,runtime,ops_per_sec
0,2,2,-1,bridge-vhost,1,1,read,85.5411857405097,109.0,129.0,350279.0,,
1,2,2,-1,bridge-vhost,1,1,update,83.93033241431614,108.0,127.0,350737.0,,
2,2,2,-1,bridge-vhost,1,1,overall,,,,,61015.0,11489.240350733426
0,2,2,-1,bridge-vhost,1,2,read,91.76854144306762,108.0,132.0,327968.0,,
1,2,2,-1,bridge-vhost,1,2,update,90.19578665367754,107.0,130.0,328480.0,,
2,2,2,-1,bridge-vhost,1,2,overall,,,,,61015.0,10758.797017126935
