,repetitions,num_vms,rps,interface,repetition,vm_number,op,avg_us,95th_us,99th_us,ops,runtime,ops_per_sec
0,2,2,-1,vmux-med,0,1,read,93.27917259637195,111.0,156.0,321826.0,,
1,2,2,-1,vmux-med,0,1,update,92.26948467675858,110.0,156.0,320983.0,,
2,2,2,-1,vmux-med,0,1,overall,,,,,61021.0,10534.225922223497
0,2,2,-1,vmux-med,0,2,read,95.10596970935815,117.0,169.0,315543.0,,
1,2,2,-1,vmux-med,0,2,update,94.19558623408666,117.0,173.0,314516.0,,
2,2,2,-1,vmux-med,0,2,overall,,,,,61016.0,10326.127573095582
