,repetitions,num_vms,rps,interface,repetition,vm_number,op,avg_us,95th_us,99th_us,ops,runtime,ops_per_sec
0,2,2,-1,bridge-e1000,1,1,read,160.52437122870722,265.0,287.0,187270.0,,
1,2,2,-1,bridge-e1000,1,1,update,158.94267414441399,264.0,286.0,188292.0,,
2,2,2,-1,bridge-e1000,1,1,overall,,,,,61019.0,6154.837017978007
0,2,2,-1,bridge-e1000,1,2,read,165.08448755743672,268.0,292.0,182157.0,,
1,2,2,-1,bridge-e1000,1,2,update,164.4258569135721,267.0,289.0,181932.0,,
2,2,2,-1,bridge-e1000,1,2,overall,,,,,61020.0,5966.715830875123
