,repetitions,num_vms,rps,interface,repetition,vm_number,op,avg_us,95th_us,99th_us,ops,runtime,ops_per_sec
0,2,2,-1,vmux-med,1,1,read,93.20101307230189,108.0,146.0,321596.0,,
1,2,2,-1,vmux-med,1,1,update,92.0854770544556,107.0,145.0,321326.0,,
2,2,2,-1,vmux-med,1,1,overall,,,,,61032.0,10534.178791453664
0,2,2,-1,vmux-med,1,2,read,93.93106033279489,111.0,155.0,318815.0,,
1,2,2,-1,vmux-med,1,2,update,93.19402511375348,111.0,155.0,318232.0,,
2,2,2,-1,vmux-med,1,2,overall,,,,,61016.0,10440.654910187492
