Time,Device,Direction,PacketRate,Mbit,MbitWithFraming,TotalPackets,TotalBytes
1734634465,Device: id=0,RX,0,0,0,0,0
1734634465,Device: id=0,TX,33.565439780388,17185.474514737,22555.944879599,35546176,2274951232
1734634466,Device: id=0,RX,0,0,0,0,0
1734634466,Device: id=0,TX,33.589423811291,17197.817093997,22572.124903803,69296088,4434949632
1734634467,Device: id=0,RX,9.9462579881496e-07,0.0026576401344336,0.002816780262244,1,334
1734634467,Device: id=0,TX,33.590331447956,17198.249701353,22572.702733026,103067171,6596298944
1734634468,Device: id=0,RX,0,0,0,1,334
1734634468,Device: id=0,TX,33.562788958594,17184.11586515,22554.162098525,136812359,8755986944
1734634469,Device: id=0,RX,0,0,0,1,334
1734634469,Device: id=0,TX,33.603184440361,17204.830433465,22581.339943923,170725063,10926400000
1734634470,Device: id=0,RX,0,0,0,1,334
1734634470,Device: id=0,TX,33.58794913511,17197.062039218,22571.133900835,204495136,13087688704
1734634471,Device: id=0,RX,0,0,0,1,334
1734634471,Device: id=0,TX,33.594975973341,17200.595614684,22575.791770419,238270563,15249312000
1734634472,Device: id=0,RX,9.9459484277986e-07,0.0033736657067093,0.0035328008815541,2,758
1734634472,Device: id=0,TX,33.518301193523,17161.390581247,22524.318772211,271969596,17406052672
1734634473,Device: id=0,RX,0,0,0,2,758
1734634473,Device: id=0,TX,33.533809779092,17169.290238778,22534.699803433,305687609,19564002944
1734634474,Device: id=0,RX,0,0,0,2,758
1734634474,Device: id=0,TX,33.57422018888,17190.000736707,22561.875966928,339459384,21725396544
1734634475,Device: id=0,RX,0,0,0,2,758
1734634475,Device: id=0,RX,1.9892206415948e-07,0.00060313058411429,0.0006349581143798,2,758
1734634475,Device: id=0,TX,33.572776103128,17189.261367178,22560.905543678,366588049,23461635136
