,repetitions,num_vms,rps,interface,repetition,vm_number,op,avg_us,95th_us,99th_us,ops,runtime,ops_per_sec
0,2,2,-1,bridge,0,1,read,94.06386195440164,109.0,129.0,321459.0,,
1,2,2,-1,bridge,0,1,update,91.8558712620847,107.0,127.0,322205.0,,
2,2,2,-1,bridge,0,1,overall,,,,,61020.0,10548.410357259914
0,2,2,-1,bridge,0,2,read,103.8204928690631,123.0,134.0,293019.0,,
1,2,2,-1,bridge,0,2,update,100.73492313419837,120.0,130.0,292783.0,,
2,2,2,-1,bridge,0,2,overall,,,,,61014.0,9601.10794243944
