,repetitions,num_vms,rps,interface,repetition,vm_number,op,avg_us,95th_us,99th_us,ops,runtime,ops_per_sec
0,2,2,-1,vmux-emu,1,1,read,212.96051729555256,237.0,332.0,140036.0,,
1,2,2,-1,vmux-emu,1,1,update,214.95539333795676,240.0,334.0,139867.0,,
2,2,2,-1,vmux-emu,1,1,overall,,,,,61016.0,4587.370525763734
0,2,2,-1,vmux-emu,1,2,read,213.31322277517148,235.0,329.0,140258.0,,
1,2,2,-1,vmux-emu,1,2,update,214.76629680998613,239.0,331.0,139874.0,,
2,2,2,-1,vmux-emu,1,2,overall,,,,,61016.0,4591.123639701062
