,repetitions,num_vms,rps,interface,repetition,vm_number,op,avg_us,95th_us,99th_us,ops,runtime,ops_per_sec
0,2,2,-1,vmux-dpdk-e810,1,1,read,95.14942128897603,112.0,152.0,316220.0,,
1,2,2,-1,vmux-dpdk-e810,1,1,update,93.27402857169942,110.0,151.0,316467.0,,
2,2,2,-1,vmux-dpdk-e810,1,1,overall,,,,,61016.0,10369.198243083782
0,2,2,-1,vmux-dpdk-e810,1,2,read,94.62870668828178,112.0,154.0,317062.0,,
1,2,2,-1,vmux-dpdk-e810,1,2,update,93.53477677474629,111.0,154.0,317482.0,,
2,2,2,-1,vmux-dpdk-e810,1,2,overall,,,,,61016.0,10399.632883178183
