,repetitions,num_vms,rps,interface,repetition,vm_number,op,avg_us,95th_us,99th_us,ops,runtime,ops_per_sec
0,2,2,-1,vmux-med,0,1,read,94.5081416958495,113.0,149.0,316396.0,,
1,2,2,-1,vmux-med,0,1,update,93.53109316766273,112.0,148.0,317417.0,,
2,2,2,-1,vmux-med,0,1,overall,,,,,61016.0,10387.65241903763
0,2,2,-1,vmux-med,0,2,read,94.5200975458942,113.0,150.0,316979.0,,
1,2,2,-1,vmux-med,0,2,update,93.64839748950014,113.0,149.0,316909.0,,
2,2,2,-1,vmux-med,0,2,overall,,,,,61017.0,10388.711342740547
