,repetitions,num_vms,rps,interface,repetition,vm_number,op,avg_us,95th_us,99th_us,ops,runtime,ops_per_sec
0,2,2,-1,vmux-dpdk-e810,1,1,read,96.32049674261864,117.0,151.0,310986.0,,
1,2,2,-1,vmux-dpdk-e810,1,1,update,95.27421406621998,116.0,150.0,312081.0,,
2,2,2,-1,vmux-dpdk-e810,1,1,overall,,,,,61022.0,10210.530628297991
0,2,2,-1,vmux-dpdk-e810,1,2,read,96.09648120589506,115.0,155.0,312465.0,,
1,2,2,-1,vmux-dpdk-e810,1,2,update,95.10786874841737,114.0,153.0,311981.0,,
2,2,2,-1,vmux-dpdk-e810,1,2,overall,,,,,61016.0,10234.13530877147
