,repetitions,num_vms,rps,interface,repetition,vm_number,op,avg_us,95th_us,99th_us,ops,runtime,ops_per_sec
0,2,2,-1,bridge-vhost,0,1,read,89.9250170012714,104.0,130.0,338210.0,,
1,2,2,-1,bridge-vhost,0,1,update,86.79240845992317,101.0,126.0,337639.0,,
2,2,2,-1,bridge-vhost,0,1,overall,,,,,61024.0,11075.134373361301
0,2,2,-1,bridge-vhost,0,2,read,91.68836287144273,120.0,133.0,330872.0,,
1,2,2,-1,bridge-vhost,0,2,update,88.90731466865047,117.0,130.0,330678.0,,
2,2,2,-1,bridge-vhost,0,2,overall,,,,,61022.0,10841.172036314772
