,repetitions,num_vms,rps,interface,repetition,vm_number,op,avg_us,95th_us,99th_us,ops,runtime,ops_per_sec
0,2,2,-1,vmux-dpdk-e810,0,1,read,97.05134844068408,127.0,166.0,310136.0,,
1,2,2,-1,vmux-dpdk-e810,0,1,update,95.66923467031033,125.0,167.0,309579.0,,
2,2,2,-1,vmux-dpdk-e810,0,1,overall,,,,,61016.0,10156.59826930641
0,2,2,-1,vmux-dpdk-e810,0,2,read,96.243527399235,115.0,158.0,312162.0,,
1,2,2,-1,vmux-dpdk-e810,0,2,update,95.4137244286322,114.0,158.0,310308.0,,
2,2,2,-1,vmux-dpdk-e810,0,2,overall,,,,,61017.0,10201.583165347362
