,repetitions,num_vms,rps,interface,repetition,vm_number,op,avg_us,95th_us,99th_us,ops,runtime,ops_per_sec
0,2,2,-1,bridge-vhost,0,1,read,82.07816299552282,102.0,129.0,367642.0,,
1,2,2,-1,bridge-vhost,0,1,update,80.1768290362736,100.0,127.0,367926.0,,
2,2,2,-1,bridge-vhost,0,1,overall,,,,,61020.0,12054.53949524746
0,2,2,-1,bridge-vhost,0,2,read,88.93871429365751,103.0,129.0,341711.0,,
1,2,2,-1,bridge-vhost,0,2,update,86.15625651582741,100.0,127.0,340517.0,,
2,2,2,-1,bridge-vhost,0,2,overall,,,,,61021.0,11180.216646728175
