,repetitions,num_vms,rps,interface,repetition,vm_number,op,avg_us,95th_us,99th_us,ops,runtime,ops_per_sec
0,2,2,-1,bridge-vhost,1,1,read,81.90622963057125,94.0,128.0,369733.0,,
1,2,2,-1,bridge-vhost,1,1,update,79.79338831764291,92.0,126.0,368590.0,,
2,2,2,-1,bridge-vhost,1,1,overall,,,,,61017.0,12100.283527541505
0,2,2,-1,bridge-vhost,1,2,read,82.23279757681603,102.0,130.0,366460.0,,
1,2,2,-1,bridge-vhost,1,2,update,80.57524882065825,100.0,127.0,366730.0,,
2,2,2,-1,bridge-vhost,1,2,overall,,,,,61019.0,12015.765581212409
