,repetitions,num_vms,rps,interface,repetition,vm_number,op,avg_us,95th_us,99th_us,ops,runtime,ops_per_sec
0,2,2,-1,vmux-dpdk-e810,0,1,read,93.99655696107008,113.0,151.0,318033.0,,
1,2,2,-1,vmux-dpdk-e810,0,1,update,93.45938218697766,113.0,150.0,318284.0,,
2,2,2,-1,vmux-dpdk-e810,0,1,overall,,,,,61016.0,10428.69083519077
0,2,2,-1,vmux-dpdk-e810,0,2,read,94.58172307169662,112.0,150.0,317909.0,,
1,2,2,-1,vmux-dpdk-e810,0,2,update,93.43701039546953,111.0,149.0,316965.0,,
2,2,2,-1,vmux-dpdk-e810,0,2,overall,,,,,61020.0,10404.35922648312
