,repetitions,num_vms,rps,interface,repetition,vm_number,op,avg_us,95th_us,99th_us,ops,runtime,ops_per_sec
0,2,2,-1,bridge-e1000,0,1,read,139.04347103393187,152.0,253.0,216581.0,,
1,2,2,-1,bridge-e1000,0,1,update,137.40661093769452,150.0,251.0,216883.0,,
2,2,2,-1,bridge-e1000,0,1,overall,,,,,61016.0,7104.103841615314
0,2,2,-1,bridge-e1000,0,2,read,149.48242582456973,246.0,280.0,202257.0,,
1,2,2,-1,bridge-e1000,0,2,update,146.95247494385245,243.0,277.0,202146.0,,
2,2,2,-1,bridge-e1000,0,2,overall,,,,,61017.0,6627.7103102414085
