,repetitions,num_vms,rps,interface,repetition,vm_number,op,avg_us,95th_us,99th_us,ops,runtime,ops_per_sec
0,2,2,-1,bridge,0,1,read,100.9606507276646,124.0,133.0,299726.0,,
1,2,2,-1,bridge,0,1,update,98.66117277759079,121.0,130.0,300091.0,,
2,2,2,-1,bridge,0,1,overall,,,,,61016.0,9830.487085354662
0,2,2,-1,bridge,0,2,read,99.19119058145438,116.0,131.0,305355.0,,
1,2,2,-1,bridge,0,2,update,97.15176635256081,114.0,128.0,304356.0,,
2,2,2,-1,bridge,0,2,overall,,,,,61016.0,9992.641274419824
