,repetitions,num_vms,rps,interface,repetition,vm_number,op,avg_us,95th_us,99th_us,ops,runtime,ops_per_sec
0,2,2,-1,bridge,1,1,read,101.74167967025375,121.0,132.0,296713.0,,
1,2,2,-1,bridge,1,1,update,99.65031395584363,119.0,130.0,296220.0,,
2,2,2,-1,bridge,1,1,overall,,,,,61016.0,9717.664219221188
0,2,2,-1,bridge,1,2,read,101.21754277827654,119.0,130.0,298516.0,,
1,2,2,-1,bridge,1,2,update,99.39991161730292,116.0,128.0,298701.0,,
2,2,2,-1,bridge,1,2,overall,,,,,61015.0,9788.035728919118
