,repetitions,num_vms,rps,interface,repetition,vm_number,op,avg_us,95th_us,99th_us,ops,runtime,ops_per_sec
0,2,2,-1,vmux-emu,0,1,read,212.0612837435912,244.0,361.0,141212.0,,
1,2,2,-1,vmux-emu,0,1,update,213.36879332095424,242.0,360.0,141098.0,,
2,2,2,-1,vmux-emu,0,1,overall,,,,,61017.0,4626.74336660275
0,2,2,-1,vmux-emu,0,2,read,212.04287452071165,236.0,348.0,140573.0,,
1,2,2,-1,vmux-emu,0,2,update,214.2558363057733,238.0,361.0,140457.0,,
2,2,2,-1,vmux-emu,0,2,overall,,,,,61020.0,4605.53916748607
