,repetitions,num_vms,rps,interface,repetition,vm_number,op,avg_us,95th_us,99th_us,ops,runtime,ops_per_sec
0,2,2,-1,vmux-med,1,1,read,95.38387051533773,115.0,156.0,313736.0,,
1,2,2,-1,vmux-med,1,1,update,94.38277991148642,114.0,157.0,314528.0,,
2,2,2,-1,vmux-med,1,1,overall,,,,,61016.0,10296.70905991871
0,2,2,-1,vmux-med,1,2,read,96.78751990799518,114.0,161.0,309549.0,,
1,2,2,-1,vmux-med,1,2,update,95.70577708704806,113.0,158.0,310139.0,,
2,2,2,-1,vmux-med,1,2,overall,,,,,61016.0,10156.155762422972
