,repetitions,num_vms,rps,interface,repetition,vm_number,op,avg_us,95th_us,99th_us,ops,runtime,ops_per_sec
0,2,2,-1,bridge-e1000,1,1,read,144.27787331751324,161.0,281.0,208174.0,,
1,2,2,-1,bridge-e1000,1,1,update,143.49633635478096,165.0,279.0,208399.0,,
2,2,2,-1,bridge-e1000,1,1,overall,,,,,61016.0,6827.27481316376
0,2,2,-1,bridge-e1000,1,2,read,156.05924344859986,261.0,291.0,195836.0,,
1,2,2,-1,bridge-e1000,1,2,update,150.7003412374726,256.0,292.0,195172.0,,
2,2,2,-1,bridge-e1000,1,2,overall,,,,,61017.0,6408.1813265155615
