,repetitions,num_vms,rps,interface,repetition,vm_number,op,avg_us,95th_us,99th_us,ops,runtime,ops_per_sec
0,2,2,-1,bridge-e1000,0,1,read,143.54531390692952,164.0,268.0,208788.0,,
1,2,2,-1,bridge-e1000,0,1,update,143.55856413801712,183.0,270.0,208293.0,,
2,2,2,-1,bridge-e1000,0,1,overall,,,,,61018.0,6835.376446294536
0,2,2,-1,bridge-e1000,0,2,read,149.87833298653428,247.0,277.0,201846.0,,
1,2,2,-1,bridge-e1000,0,2,update,146.97921416384364,244.0,273.0,202205.0,,
2,2,2,-1,bridge-e1000,0,2,overall,,,,,61016.0,6622.049954110397
