,repetitions,num_vms,rps,interface,repetition,vm_number,op,avg_us,95th_us,99th_us,ops,runtime,ops_per_sec
0,2,2,-1,vmux-med,1,1,read,97.63144877476537,118.0,157.0,306880.0,,
1,2,2,-1,vmux-med,1,1,update,96.68010732604183,117.0,155.0,307847.0,,
2,2,2,-1,vmux-med,1,1,overall,,,,,61015.0,10075.014340735885
0,2,2,-1,vmux-med,1,2,read,95.53624466990148,113.0,150.0,312846.0,,
1,2,2,-1,vmux-med,1,2,update,95.08759487529763,112.0,149.0,313306.0,,
2,2,2,-1,vmux-med,1,2,overall,,,,,61015.0,10262.263377857904
