,repetitions,num_vms,rps,interface,repetition,vm_number,op,avg_us,95th_us,99th_us,ops,runtime,ops_per_sec
0,2,2,-1,bridge-e1000,1,1,read,144.97676483862045,169.0,270.0,206067.0,,
1,2,2,-1,bridge-e1000,1,1,update,145.59585273982552,241.0,272.0,206546.0,,
2,2,2,-1,bridge-e1000,1,1,overall,,,,,61019.0,6762.041331388584
0,2,2,-1,bridge-e1000,1,2,read,149.55113229800486,248.0,275.0,202641.0,,
1,2,2,-1,bridge-e1000,1,2,update,146.72062621844415,245.0,273.0,202102.0,,
2,2,2,-1,bridge-e1000,1,2,overall,,,,,61016.0,6633.391241641537
