,repetitions,num_vms,rps,interface,repetition,vm_number,op,avg_us,95th_us,99th_us,ops,runtime,ops_per_sec
0,2,2,-1,vmux-emu,1,1,read,212.92452467968317,234.0,329.0,140642.0,,
1,2,2,-1,vmux-emu,1,1,update,213.5134313913854,235.0,326.0,140529.0,,
2,2,2,-1,vmux-emu,1,1,overall,,,,,61019.0,4607.925400285157
0,2,2,-1,vmux-emu,1,2,read,211.9672407752969,240.0,326.0,139869.0,,
1,2,2,-1,vmux-emu,1,2,update,213.50649776516798,242.0,325.0,140279.0,,
2,2,2,-1,vmux-emu,1,2,overall,,,,,61020.0,4591.084890199934
