,repetitions,num_vms,rps,interface,repetition,vm_number,op,avg_us,95th_us,99th_us,ops,runtime,ops_per_sec
0,2,2,-1,vmux-emu,1,1,read,448.5885811124942,517.0,659.0,66679.0,,
1,2,2,-1,vmux-emu,1,1,update,453.2681283629697,521.0,676.0,67091.0,,
2,2,2,-1,vmux-emu,1,1,overall,,,,,61015.0,2192.411702040482
0,2,2,-1,vmux-emu,1,2,read,455.8417965476789,512.0,670.0,65637.0,,
1,2,2,-1,vmux-emu,1,2,update,459.15903348312224,514.0,679.0,66093.0,,
2,2,2,-1,vmux-emu,1,2,overall,,,,,61019.0,2158.8357724643142
