,repetitions,num_vms,rps,interface,repetition,vm_number,op,avg_us,95th_us,99th_us,ops,runtime,ops_per_sec
0,2,2,-1,bridge-vhost,0,1,read,91.02595911349447,105.0,129.0,332677.0,,
1,2,2,-1,bridge-vhost,0,1,update,89.01199952978482,103.0,127.0,331763.0,,
2,2,2,-1,bridge-vhost,0,1,overall,,,,,61013.0,10890.138167275827
0,2,2,-1,bridge-vhost,0,2,read,98.68637500485958,115.0,132.0,308668.0,,
1,2,2,-1,bridge-vhost,0,2,update,95.23568360425264,112.0,128.0,308702.0,,
2,2,2,-1,bridge-vhost,0,2,overall,,,,,61014.0,10118.497394040713
