,repetitions,num_vms,rps,interface,repetition,vm_number,op,avg_us,95th_us,99th_us,ops,runtime,ops_per_sec
0,2,2,-1,vmux-dpdk-e810,1,1,read,96.31831309895942,115.0,154.0,311269.0,,
1,2,2,-1,vmux-dpdk-e810,1,1,update,95.28788861143029,114.0,153.0,311558.0,,
2,2,2,-1,vmux-dpdk-e810,1,1,overall,,,,,61017.0,10207.433993805005
0,2,2,-1,vmux-dpdk-e810,1,2,read,95.42189533023054,113.0,150.0,314341.0,,
1,2,2,-1,vmux-dpdk-e810,1,2,update,94.51255388410625,113.0,150.0,314564.0,,
2,2,2,-1,vmux-dpdk-e810,1,2,overall,,,,,61015.0,10307.383430304024
