,repetitions,num_vms,rps,interface,repetition,vm_number,op,avg_us,95th_us,99th_us,ops,runtime,ops_per_sec
0,2,2,-1,vmux-med,0,1,read,95.94409209938047,114.0,151.0,313140.0,,
1,2,2,-1,vmux-med,0,1,update,94.95876837433622,113.0,152.0,311848.0,,
2,2,2,-1,vmux-med,0,1,overall,,,,,61015.0,10243.186101778252
0,2,2,-1,vmux-med,0,2,read,95.51820849676743,113.0,152.0,313837.0,,
1,2,2,-1,vmux-med,0,2,update,94.34147713906039,112.0,151.0,314554.0,,
2,2,2,-1,vmux-med,0,2,overall,,,,,61015.0,10298.959272310087
