,repetitions,num_vms,rps,interface,repetition,vm_number,op,avg_us,95th_us,99th_us,ops,runtime,ops_per_sec
0,2,2,-1,vmux-med,1,1,read,96.92159849729377,117.0,152.0,309841.0,,
1,2,2,-1,vmux-med,1,1,update,95.65651066025869,117.0,151.0,310030.0,,
2,2,2,-1,vmux-med,1,1,overall,,,,,61015.0,10159.321478325002
0,2,2,-1,vmux-med,1,2,read,97.3988807347769,116.0,155.0,308774.0,,
1,2,2,-1,vmux-med,1,2,update,96.0120629257217,115.0,155.0,308300.0,,
2,2,2,-1,vmux-med,1,2,overall,,,,,61014.0,10113.646048447898
