,repetitions,num_vms,rps,interface,repetition,vm_number,op,avg_us,95th_us,99th_us,ops,runtime,ops_per_sec
0,2,2,-1,vmux-emu,0,1,read,460.030265785835,572.0,682.0,65090.0,,
1,2,2,-1,vmux-emu,0,1,update,464.9922356667333,579.0,701.0,65041.0,,
2,2,2,-1,vmux-emu,0,1,overall,,,,,61016.0,2132.7356758882916
0,2,2,-1,vmux-emu,0,2,read,458.14183651707646,515.0,652.0,65646.0,,
1,2,2,-1,vmux-emu,0,2,update,461.5215863607198,519.0,670.0,65458.0,,
2,2,2,-1,vmux-emu,0,2,overall,,,,,61016.0,2148.6823128359774
