,repetitions,num_vms,rps,interface,repetition,vm_number,op,avg_us,95th_us,99th_us,ops,runtime,ops_per_sec
0,2,2,-1,vmux-vdpdk,1,1,read,67.41252696868595,77.0,112.0,444497.0,,
1,2,2,-1,vmux-vdpdk,1,1,update,66.21805863391344,76.0,111.0,444862.0,,
2,2,2,-1,vmux-vdpdk,1,1,overall,,,,,61015.0,14576.071457838236
0,2,2,-1,vmux-vdpdk,1,2,read,67.71080769863464,78.0,127.0,443767.0,,
1,2,2,-1,vmux-vdpdk,1,2,update,66.16102773517785,76.0,123.0,444706.0,,
2,2,2,-1,vmux-vdpdk,1,2,overall,,,,,61019.0,14560.595879971812
