,repetitions,num_vms,rps,interface,repetition,vm_number,op,avg_us,95th_us,99th_us,ops,runtime,ops_per_sec
0,2,2,-1,vmux-dpdk-e810,0,1,read,95.89424857305845,114.0,151.0,313783.0,,
1,2,2,-1,vmux-dpdk-e810,0,1,update,94.67048015420171,114.0,150.0,312837.0,,
2,2,2,-1,vmux-dpdk-e810,0,1,overall,,,,,61015.0,10269.93362287962
0,2,2,-1,vmux-dpdk-e810,0,2,read,97.03157448680541,117.0,155.0,309142.0,,
1,2,2,-1,vmux-dpdk-e810,0,2,update,96.09108707752449,117.0,155.0,309012.0,,
2,2,2,-1,vmux-dpdk-e810,0,2,overall,,,,,61015.0,10131.180857166271
