,repetitions,num_vms,rps,interface,repetition,vm_number,op,avg_us,95th_us,99th_us,ops,runtime,ops_per_sec
0,2,2,-1,bridge-e1000,0,1,read,262.19792657492167,303.0,394.0,114593.0,,
1,2,2,-1,bridge-e1000,0,1,update,263.3282351807567,303.0,398.0,114159.0,,
2,2,2,-1,bridge-e1000,0,1,overall,,,,,61019.0,3748.8651075894395
0,2,2,-1,bridge-e1000,0,2,read,276.01687151761047,308.0,388.0,108941.0,,
1,2,2,-1,bridge-e1000,0,2,update,277.28525771291334,310.0,397.0,108260.0,,
2,2,2,-1,bridge-e1000,0,2,overall,,,,,61017.0,3559.6800891554813
