,repetitions,num_vms,rps,interface,repetition,vm_number,op,avg_us,95th_us,99th_us,ops,runtime,ops_per_sec
0,2,2,-1,vmux-vdpdk,1,1,read,57.56892330369364,67.0,86.0,522385.0,,
1,2,2,-1,vmux-vdpdk,1,1,update,55.8852608324566,65.0,86.0,523727.0,,
2,2,2,-1,vmux-vdpdk,1,1,overall,,,,,61017.0,17144.599046167463
0,2,2,-1,vmux-vdpdk,1,2,read,58.23814519675078,68.0,87.0,518524.0,,
1,2,2,-1,vmux-vdpdk,1,2,update,56.354467369849495,66.0,86.0,518784.0,,
2,2,2,-1,vmux-vdpdk,1,2,overall,,,,,61013.0,17001.425925622407
