,repetitions,num_vms,rps,interface,repetition,vm_number,op,avg_us,95th_us,99th_us,ops,runtime,ops_per_sec
0,2,2,-1,vmux-vdpdk,0,1,read,59.744689942492926,71.0,90.0,505503.0,,
1,2,2,-1,vmux-vdpdk,0,1,update,58.114504469058375,69.0,90.0,503238.0,,
2,2,2,-1,vmux-vdpdk,0,1,overall,,,,,61011.0,16533.756207896935
0,2,2,-1,vmux-vdpdk,0,2,read,57.631510085893886,67.0,86.0,523553.0,,
1,2,2,-1,vmux-vdpdk,0,2,update,55.855279638299336,66.0,86.0,523748.0,,
2,2,2,-1,vmux-vdpdk,0,2,overall,,,,,61013.0,17165.21069280317
