,repetitions,num_vms,rps,interface,repetition,vm_number,op,avg_us,95th_us,99th_us,ops,runtime,ops_per_sec
0,2,2,-1,bridge-vhost,0,1,read,96.09898424084201,116.0,131.0,315626.0,,
1,2,2,-1,bridge-vhost,0,1,update,93.43182358177654,114.0,128.0,315659.0,,
2,2,2,-1,bridge-vhost,0,1,overall,,,,,61020.0,10345.542445099967
0,2,2,-1,bridge-vhost,0,2,read,95.53865938002701,107.0,129.0,317659.0,,
1,2,2,-1,bridge-vhost,0,2,update,92.88337447859028,104.0,126.0,317169.0,,
2,2,2,-1,bridge-vhost,0,2,overall,,,,,61017.0,10404.11688545815
