,repetitions,num_vms,rps,interface,repetition,vm_number,op,avg_us,95th_us,99th_us,ops,runtime,ops_per_sec
0,2,2,-1,bridge,1,1,read,108.91856789073174,124.0,136.0,277409.0,,
1,2,2,-1,bridge,1,1,update,106.88311426918114,121.0,134.0,278229.0,,
2,2,2,-1,bridge,1,1,overall,,,,,61019.0,9105.98338222521
0,2,2,-1,bridge,1,2,read,108.11301124047144,125.0,133.0,278636.0,,
1,2,2,-1,bridge,1,2,update,105.99205513784462,122.0,130.0,279300.0,,
2,2,2,-1,bridge,1,2,overall,,,,,61014.0,9144.393090110467
