,repetitions,num_vms,rps,interface,repetition,vm_number,op,avg_us,95th_us,99th_us,ops,runtime,ops_per_sec
0,2,2,-1,vmux-dpdk-e810,1,1,read,94.45217870411183,110.0,151.0,317620.0,,
1,2,2,-1,vmux-dpdk-e810,1,1,update,93.37114254282571,109.0,150.0,318150.0,,
2,2,2,-1,vmux-dpdk-e810,1,1,overall,,,,,61025.0,10418.189266693978
0,2,2,-1,vmux-dpdk-e810,1,2,read,96.32537972846593,114.0,151.0,310090.0,,
1,2,2,-1,vmux-dpdk-e810,1,2,update,95.46542372009922,113.0,149.0,311196.0,,
2,2,2,-1,vmux-dpdk-e810,1,2,overall,,,,,61024.0,10181.010749868905
