,repetitions,num_vms,rps,interface,repetition,vm_number,op,avg_us,95th_us,99th_us,ops,runtime,ops_per_sec
0,2,2,-1,bridge-vhost,0,1,read,95.88684790826613,119.0,131.0,317440.0,,
1,2,2,-1,bridge-vhost,0,1,update,92.98492387601264,116.0,128.0,316129.0,,
2,2,2,-1,bridge-vhost,0,1,overall,,,,,61018.0,10383.313120718476
0,2,2,-1,bridge-vhost,0,2,read,94.63527398327857,115.0,131.0,320786.0,,
1,2,2,-1,bridge-vhost,0,2,update,91.8982070074412,111.0,128.0,320916.0,,
2,2,2,-1,bridge-vhost,0,2,overall,,,,,61014.0,10517.291113514932
