,repetitions,num_vms,rps,interface,repetition,vm_number,op,avg_us,95th_us,99th_us,ops,runtime,ops_per_sec
0,2,2,-1,vmux-med,1,1,read,97.10998273553092,115.0,152.0,309885.0,,
1,2,2,-1,vmux-med,1,1,update,95.75248973671602,113.0,151.0,308868.0,,
2,2,2,-1,vmux-med,1,1,overall,,,,,61021.0,10140.000983268055
0,2,2,-1,vmux-med,1,2,read,96.53823997013407,113.0,151.0,310722.0,,
1,2,2,-1,vmux-med,1,2,update,95.14220207087273,112.0,149.0,310980.0,,
2,2,2,-1,vmux-med,1,2,overall,,,,,61023.0,10187.994690526522
