,repetitions,num_vms,rps,interface,repetition,vm_number,op,avg_us,95th_us,99th_us,ops,runtime,ops_per_sec
0,2,2,-1,vmux-emu,0,1,read,232.92957025126876,308.0,377.0,128866.0,,
1,2,2,-1,vmux-emu,0,1,update,232.17902789583493,277.0,376.0,129410.0,,
2,2,2,-1,vmux-emu,0,1,overall,,,,,61016.0,4232.922512127966
0,2,2,-1,vmux-emu,0,2,read,239.58949007270917,282.0,384.0,124606.0,,
1,2,2,-1,vmux-emu,0,2,update,240.44055916205346,274.0,384.0,125545.0,,
2,2,2,-1,vmux-emu,0,2,overall,,,,,61017.0,4099.693528033171
