,repetitions,num_vms,rps,interface,repetition,vm_number,op,avg_us,95th_us,99th_us,ops,runtime,ops_per_sec
0,2,2,-1,vmux-med,0,1,read,95.49142165043821,113.0,152.0,314571.0,,
1,2,2,-1,vmux-med,0,1,update,94.01587301587301,111.0,153.0,315441.0,,
2,2,2,-1,vmux-med,0,1,overall,,,,,61020.0,10324.680432645035
0,2,2,-1,vmux-med,0,2,read,95.69515863284543,114.0,156.0,313176.0,,
1,2,2,-1,vmux-med,0,2,update,94.55032034637551,113.0,156.0,313879.0,,
2,2,2,-1,vmux-med,0,2,overall,,,,,61008.0,10278.242197744557
