,repetitions,num_vms,rps,interface,repetition,vm_number,op,avg_us,95th_us,99th_us,ops,runtime,ops_per_sec
0,2,2,-1,bridge,0,1,read,105.7215718507896,122.0,135.0,285905.0,,
1,2,2,-1,bridge,0,1,update,103.74629768659973,120.0,133.0,286375.0,,
2,2,2,-1,bridge,0,1,overall,,,,,61015.0,9379.33295091371
0,2,2,-1,bridge,0,2,read,115.76659470307416,128.0,138.0,263096.0,,
1,2,2,-1,bridge,0,2,update,112.77490131943463,125.0,136.0,261703.0,,
2,2,2,-1,bridge,0,2,overall,,,,,61019.0,8600.583424834887
