,repetitions,num_vms,rps,interface,repetition,vm_number,op,avg_us,95th_us,99th_us,ops,runtime,ops_per_sec
0,2,2,-1,vmux-dpdk-e810,0,1,read,95.28198971603162,112.0,156.0,314859.0,,
1,2,2,-1,vmux-dpdk-e810,0,1,update,94.25871371207472,111.0,158.0,314533.0,,
2,2,2,-1,vmux-dpdk-e810,0,1,overall,,,,,61015.0,10315.365074162091
0,2,2,-1,vmux-dpdk-e810,0,2,read,96.95146813012686,119.0,163.0,310497.0,,
1,2,2,-1,vmux-dpdk-e810,0,2,update,95.492595031505,117.0,160.0,309792.0,,
2,2,2,-1,vmux-dpdk-e810,0,2,overall,,,,,61015.0,10166.17225272474
