,repetitions,num_vms,rps,interface,repetition,vm_number,op,avg_us,95th_us,99th_us,ops,runtime,ops_per_sec
0,2,2,-1,vmux-emu,0,1,read,227.0016128173332,294.0,374.0,131447.0,,
1,2,2,-1,vmux-emu,0,1,update,228.80494399088664,292.0,380.0,131675.0,,
2,2,2,-1,vmux-emu,0,1,overall,,,,,61017.0,4312.273628660865
0,2,2,-1,vmux-emu,0,2,read,228.06638978806572,316.0,375.0,130984.0,,
1,2,2,-1,vmux-emu,0,2,update,228.82968922829826,296.0,377.0,131994.0,,
2,2,2,-1,vmux-emu,0,2,overall,,,,,61017.0,4309.91363062753
