,repetitions,num_vms,rps,interface,repetition,vm_number,op,avg_us,95th_us,99th_us,ops,runtime,ops_per_sec
0,2,2,-1,vmux-vdpdk,0,1,read,57.81095584189508,67.0,87.0,521603.0,,
1,2,2,-1,vmux-vdpdk,0,1,update,56.01552229198079,66.0,85.0,521959.0,,
2,2,2,-1,vmux-vdpdk,0,1,overall,,,,,61016.0,17103.087714697784
0,2,2,-1,vmux-vdpdk,0,2,read,56.91912454149258,68.0,90.0,533252.0,,
1,2,2,-1,vmux-vdpdk,0,2,update,54.6814590750674,66.0,89.0,532255.0,,
2,2,2,-1,vmux-vdpdk,0,2,overall,,,,,61015.0,17463.033680242563
