,repetitions,num_vms,rps,interface,repetition,vm_number,op,avg_us,95th_us,99th_us,ops,runtime,ops_per_sec
0,2,2,-1,vmux-dpdk-e810,0,1,read,94.43565852509228,112.0,156.0,318325.0,,
1,2,2,-1,vmux-dpdk-e810,0,1,update,93.18244659094485,111.0,158.0,317830.0,,
2,2,2,-1,vmux-dpdk-e810,0,1,overall,,,,,61019.0,10425.523197692522
0,2,2,-1,vmux-dpdk-e810,0,2,read,93.96140112598304,111.0,154.0,319543.0,,
1,2,2,-1,vmux-dpdk-e810,0,2,update,92.82664547078943,110.0,155.0,319559.0,,
2,2,2,-1,vmux-dpdk-e810,0,2,overall,,,,,61020.0,10473.647984267453
