,repetitions,num_vms,rps,interface,repetition,vm_number,op,avg_us,95th_us,99th_us,ops,runtime,ops_per_sec
0,2,2,-1,bridge,0,1,read,106.03949135721074,121.0,134.0,285151.0,,
1,2,2,-1,bridge,0,1,update,104.15362624503824,119.0,132.0,285433.0,,
2,2,2,-1,bridge,0,1,overall,,,,,61015.0,9351.53650741621
0,2,2,-1,bridge,0,2,read,106.0107102889638,121.0,131.0,285053.0,,
1,2,2,-1,bridge,0,2,update,104.05422132196013,119.0,129.0,285349.0,,
2,2,2,-1,bridge,0,2,overall,,,,,61019.0,9347.940805322933
