,repetitions,num_vms,rps,interface,repetition,vm_number,op,avg_us,95th_us,99th_us,ops,runtime,ops_per_sec
0,2,2,-1,bridge-e1000,0,1,read,163.1006677217248,267.0,292.0,184508.0,,
1,2,2,-1,bridge-e1000,0,1,update,162.09683570704965,265.0,291.0,184591.0,,
2,2,2,-1,bridge-e1000,0,1,overall,,,,,61009.0,6049.910668917701
0,2,2,-1,bridge-e1000,0,2,read,167.29704707632146,268.0,291.0,179517.0,,
1,2,2,-1,bridge-e1000,0,2,update,166.77809288669425,266.0,290.0,179832.0,,
2,2,2,-1,bridge-e1000,0,2,overall,,,,,61016.0,5889.422446571391
