,repetitions,num_vms,rps,interface,repetition,vm_number,op,avg_us,95th_us,99th_us,ops,runtime,ops_per_sec
0,2,2,-1,bridge-e1000,1,1,read,174.1557969551347,273.0,286.0,173341.0,,
1,2,2,-1,bridge-e1000,1,1,update,172.44631166941844,271.0,284.0,173222.0,,
2,2,2,-1,bridge-e1000,1,1,overall,,,,,61022.0,5679.312379141948
0,2,2,-1,bridge-e1000,1,2,read,172.4974201516743,273.0,284.0,173266.0,,
1,2,2,-1,bridge-e1000,1,2,update,172.37683753698096,272.0,282.0,173738.0,,
2,2,2,-1,bridge-e1000,1,2,overall,,,,,61025.0,5686.259729619009
