,repetitions,num_vms,rps,interface,repetition,vm_number,op,avg_us,95th_us,99th_us,ops,runtime,ops_per_sec
0,2,2,-1,bridge-vhost,1,1,read,89.07920015104848,107.0,129.0,338964.0,,
1,2,2,-1,bridge-vhost,1,1,update,87.21943248491921,106.0,127.0,339339.0,,
2,2,2,-1,bridge-vhost,1,1,overall,,,,,61025.0,11115.165915608357
0,2,2,-1,bridge-vhost,1,2,read,86.49336204523559,100.0,129.0,348752.0,,
1,2,2,-1,bridge-vhost,1,2,update,84.5641301733124,99.0,127.0,349196.0,,
2,2,2,-1,bridge-vhost,1,2,overall,,,,,61016.0,11438.770158646912
