,repetitions,num_vms,rps,interface,repetition,vm_number,op,avg_us,95th_us,99th_us,ops,runtime,ops_per_sec
0,2,2,-1,vmux-med,0,1,read,98.42007582465875,120.0,159.0,304914.0,,
1,2,2,-1,vmux-med,0,1,update,97.20513014378604,119.0,158.0,304202.0,,
2,2,2,-1,vmux-med,0,1,overall,,,,,61019.0,9982.398924925023
0,2,2,-1,vmux-med,0,2,read,96.7099688051871,116.0,158.0,310308.0,,
1,2,2,-1,vmux-med,0,2,update,95.0672369206286,115.0,156.0,311674.0,,
2,2,2,-1,vmux-med,0,2,overall,,,,,61019.0,10193.251282387453
