,repetitions,num_vms,rps,interface,repetition,vm_number,op,avg_us,95th_us,99th_us,ops,runtime,ops_per_sec
0,2,2,-1,bridge-e1000,0,1,read,153.70767422248346,265.0,289.0,195655.0,,
1,2,2,-1,bridge-e1000,0,1,update,152.72104631261655,264.0,289.0,195735.0,,
2,2,2,-1,bridge-e1000,0,1,overall,,,,,61022.0,6413.916292484678
0,2,2,-1,bridge-e1000,0,2,read,154.42224618702818,265.0,286.0,194730.0,,
1,2,2,-1,bridge-e1000,0,2,update,153.85386723711477,265.0,287.0,194467.0,,
2,2,2,-1,bridge-e1000,0,2,overall,,,,,61007.0,6379.546609405478
