,repetitions,num_vms,rps,interface,repetition,vm_number,op,avg_us,95th_us,99th_us,ops,runtime,ops_per_sec
0,2,2,-1,vmux-emu,1,1,read,216.75201730665225,243.0,341.0,138675.0,,
1,2,2,-1,vmux-emu,1,1,update,218.24909707940614,246.0,348.0,137609.0,,
2,2,2,-1,vmux-emu,1,1,overall,,,,,61019.0,4527.835592192596
0,2,2,-1,vmux-emu,1,2,read,228.70586343905745,254.0,374.0,130623.0,,
1,2,2,-1,vmux-emu,1,2,update,230.49308478194573,257.0,378.0,131160.0,,
2,2,2,-1,vmux-emu,1,2,overall,,,,,61017.0,4290.328924725896
