,repetitions,num_vms,rps,interface,repetition,vm_number,op,avg_us,95th_us,99th_us,ops,runtime,ops_per_sec
0,2,2,-1,vmux-vdpdk,1,1,read,60.90216746566995,72.0,94.0,492280.0,,
1,2,2,-1,vmux-vdpdk,1,1,update,59.467003043570585,70.0,93.0,494485.0,,
2,2,2,-1,vmux-vdpdk,1,1,overall,,,,,61013.0,16173.028698801894
0,2,2,-1,vmux-vdpdk,1,2,read,58.796502601789655,68.0,88.0,512724.0,,
1,2,2,-1,vmux-vdpdk,1,2,update,57.04825304166634,66.0,88.0,512548.0,,
2,2,2,-1,vmux-vdpdk,1,2,overall,,,,,61020.0,16802.228777450015
