,repetitions,num_vms,rps,interface,repetition,vm_number,op,avg_us,95th_us,99th_us,ops,runtime,ops_per_sec
0,2,2,-1,bridge-e1000,1,1,read,160.06102832651388,258.0,281.0,190387.0,,
1,2,2,-1,bridge-e1000,1,1,update,155.43755461733647,253.0,275.0,189958.0,,
2,2,2,-1,bridge-e1000,1,1,overall,,,,,61019.0,6233.222438912469
0,2,2,-1,bridge-e1000,1,2,read,159.42252254136943,254.0,276.0,191204.0,,
1,2,2,-1,bridge-e1000,1,2,update,153.296769918661,248.0,271.0,191667.0,,
2,2,2,-1,bridge-e1000,1,2,overall,,,,,61033.0,6273.180082905968
