,repetitions,num_vms,rps,interface,repetition,vm_number,op,avg_us,95th_us,99th_us,ops,runtime,ops_per_sec
0,2,2,-1,bridge-vhost,0,1,read,96.51735789536902,114.0,133.0,316369.0,,
1,2,2,-1,bridge-vhost,0,1,update,92.69076437560994,109.0,128.0,315604.0,,
2,2,2,-1,bridge-vhost,0,1,overall,,,,,61024.0,10356.138568432092
0,2,2,-1,bridge-vhost,0,2,read,86.56483443065731,123.0,133.0,350246.0,,
1,2,2,-1,bridge-vhost,0,2,update,84.17919133024544,120.0,130.0,349537.0,,
2,2,2,-1,bridge-vhost,0,2,overall,,,,,61019.0,11468.280371687508
