,repetitions,num_vms,rps,interface,repetition,vm_number,op,avg_us,95th_us,99th_us,ops,runtime,ops_per_sec
0,2,2,-1,vmux-dpdk-e810,0,1,read,216.79111769481676,200.0,2129.0,140414.0,,
1,2,2,-1,vmux-dpdk-e810,0,1,update,210.77681703816577,198.0,2093.0,141095.0,,
2,2,2,-1,vmux-dpdk-e810,0,1,overall,,,,,61026.0,4612.935470127487
0,2,2,-1,vmux-dpdk-e810,0,2,read,160.26575046984453,191.0,1896.0,187296.0,,
1,2,2,-1,vmux-dpdk-e810,0,2,update,161.19905929243362,187.0,1872.0,186668.0,,
2,2,2,-1,vmux-dpdk-e810,0,2,overall,,,,,61020.0,6128.548017043592
