,repetitions,num_vms,rps,interface,repetition,vm_number,op,avg_us,95th_us,99th_us,ops,runtime,ops_per_sec
0,2,2,-1,vmux-med,0,1,read,172.46483775676109,207.0,2125.0,174676.0,,
1,2,2,-1,vmux-med,0,1,update,171.00743027695188,204.0,2155.0,175229.0,,
2,2,2,-1,vmux-med,0,1,overall,,,,,61027.0,5733.609713733265
0,2,2,-1,vmux-med,0,2,read,169.70830824468678,204.0,2137.0,179364.0,,
1,2,2,-1,vmux-med,0,2,update,166.50948375853818,202.0,2099.0,178463.0,,
2,2,2,-1,vmux-med,0,2,overall,,,,,61021.0,5863.997640156667
