,repetitions,num_vms,rps,interface,repetition,vm_number,op,avg_us,95th_us,99th_us,ops,runtime,ops_per_sec
0,2,2,-1,vmux-med,1,1,read,157.96541969240033,189.0,1801.0,192653.0,,
1,2,2,-1,vmux-med,1,1,update,153.59903914922728,185.0,1787.0,192954.0,,
2,2,2,-1,vmux-med,1,1,overall,,,,,61033.0,6318.00829059689
0,2,2,-1,vmux-med,1,2,read,324.3319191134375,197.0,2147.0,97816.0,,
1,2,2,-1,vmux-med,1,2,update,292.430073424434,195.0,2175.0,98060.0,,
2,2,2,-1,vmux-med,1,2,overall,,,,,61055.0,3208.1893374825977
