,repetitions,num_vms,rps,interface,repetition,vm_number,op,avg_us,95th_us,99th_us,ops,runtime,ops_per_sec
0,2,2,-1,vmux-emu,1,1,read,256.4118812730548,294.0,392.0,116570.0,,
1,2,2,-1,vmux-emu,1,1,update,257.9598147543519,295.0,400.0,116386.0,,
2,2,2,-1,vmux-emu,1,1,overall,,,,,61021.0,3817.636551351174
0,2,2,-1,vmux-emu,1,2,read,228.63209047398487,253.0,357.0,129540.0,,
1,2,2,-1,vmux-emu,1,2,update,232.3484839147048,256.0,380.0,129808.0,,
2,2,2,-1,vmux-emu,1,2,overall,,,,,61022.0,4250.073743895644
