,repetitions,num_vms,rps,interface,repetition,vm_number,op,avg_us,95th_us,99th_us,ops,runtime,ops_per_sec
0,2,2,-1,vmux-dpdk-e810,1,1,read,282.8278120478258,194.0,2040.0,105048.0,,
1,2,2,-1,vmux-dpdk-e810,1,1,update,292.7514818273647,192.0,2165.0,104938.0,,
2,2,2,-1,vmux-dpdk-e810,1,1,overall,,,,,61147.0,3434.1177817390876
0,2,2,-1,vmux-dpdk-e810,1,2,read,255.31378399612188,189.0,1851.0,119646.0,,
1,2,2,-1,vmux-dpdk-e810,1,2,update,249.60484726037117,185.0,1955.0,119779.0,,
2,2,2,-1,vmux-dpdk-e810,1,2,overall,,,,,61134.0,3916.3967677560768
