,repetitions,num_vms,rps,interface,repetition,vm_number,op,avg_us,95th_us,99th_us,ops,runtime,ops_per_sec
0,2,2,-1,vmux-emu,0,1,read,246.88383964143426,294.0,399.0,120480.0,,
1,2,2,-1,vmux-emu,0,1,update,248.6093186995237,297.0,430.0,120725.0,,
2,2,2,-1,vmux-emu,0,1,overall,,,,,61021.0,3952.819521148457
0,2,2,-1,vmux-emu,0,2,read,229.20071366218968,260.0,366.0,130594.0,,
1,2,2,-1,vmux-emu,0,2,update,230.15821505672685,261.0,371.0,130626.0,,
2,2,2,-1,vmux-emu,0,2,overall,,,,,61031.0,4280.119939047369
