,repetitions,num_vms,rps,interface,repetition,vm_number,op,avg_us,95th_us,99th_us,ops,runtime,ops_per_sec
0,2,2,-1,bridge,0,1,read,117.46345303793142,131.0,151.0,260391.0,,
1,2,2,-1,bridge,0,1,update,112.81766695297402,127.0,147.0,260792.0,,
2,2,2,-1,bridge,0,1,overall,,,,,61018.0,8541.463174800878
0,2,2,-1,bridge,0,2,read,112.66078801746221,128.0,142.0,270527.0,,
1,2,2,-1,bridge,0,2,update,109.0386387135747,124.0,138.0,269833.0,,
2,2,2,-1,bridge,0,2,overall,,,,,61027.0,8854.441476723418
