,repetitions,num_vms,rps,interface,repetition,vm_number,op,avg_us,95th_us,99th_us,ops,runtime,ops_per_sec
0,2,2,-1,bridge-e1000,0,1,read,171.02084461742058,256.0,292.0,179087.0,,
1,2,2,-1,bridge-e1000,0,1,update,164.79370672601385,252.0,294.0,177936.0,,
2,2,2,-1,bridge-e1000,0,1,overall,,,,,61019.0,5851.0136187089265
0,2,2,-1,bridge-e1000,0,2,read,163.59408786243117,256.0,286.0,185449.0,,
1,2,2,-1,bridge-e1000,0,2,update,158.59406073708382,252.0,284.0,185949.0,,
2,2,2,-1,bridge-e1000,0,2,overall,,,,,61015.0,6086.995001229206
