,repetitions,num_vms,rps,interface,repetition,vm_number,op,avg_us,95th_us,99th_us,ops,runtime,ops_per_sec
0,2,2,-1,bridge,1,1,read,114.4302277946278,129.0,144.0,266073.0,,
1,2,2,-1,bridge,1,1,update,110.26480128399385,124.0,140.0,267291.0,,
2,2,2,-1,bridge,1,1,overall,,,,,61015.0,8741.522576415635
0,2,2,-1,bridge,1,2,read,109.8818682312428,126.0,137.0,276454.0,,
1,2,2,-1,bridge,1,2,update,106.4452215712134,123.0,134.0,277518.0,,
2,2,2,-1,bridge,1,2,overall,,,,,61016.0,9079.126786416678
