,repetitions,num_vms,rps,interface,repetition,vm_number,op,avg_us,95th_us,99th_us,ops,runtime,ops_per_sec
0,2,2,-1,bridge,1,1,read,115.38944430289732,127.0,137.0,262967.0,,
1,2,2,-1,bridge,1,1,update,112.58775815408207,124.0,134.0,263457.0,,
2,2,2,-1,bridge,1,1,overall,,,,,61016.0,8627.638652156811
0,2,2,-1,bridge,1,2,read,104.17348015410683,123.0,132.0,290967.0,,
1,2,2,-1,bridge,1,2,update,101.86381652285208,121.0,129.0,290652.0,,
2,2,2,-1,bridge,1,2,overall,,,,,61017.0,9532.081223265648
