,repetitions,num_vms,rps,interface,repetition,vm_number,op,avg_us,95th_us,99th_us,ops,runtime,ops_per_sec
0,2,2,-1,bridge-vhost,1,1,read,97.73847506311505,112.0,130.0,310544.0,,
1,2,2,-1,bridge-vhost,1,1,update,94.85685284087253,109.0,127.0,310820.0,,
2,2,2,-1,bridge-vhost,1,1,overall,,,,,61015.0,10183.790871097272
0,2,2,-1,bridge-vhost,1,2,read,89.99668987626514,109.0,129.0,335637.0,,
1,2,2,-1,bridge-vhost,1,2,update,88.24382265598186,108.0,127.0,335055.0,,
2,2,2,-1,bridge-vhost,1,2,overall,,,,,61016.0,10992.067654385735
