,repetitions,num_vms,rps,interface,repetition,vm_number,op,avg_us,95th_us,99th_us,ops,runtime,ops_per_sec
0,2,2,-1,vmux-med,1,1,read,97.4474162512965,115.0,153.0,307557.0,,
1,2,2,-1,vmux-med,1,1,update,96.30164725598073,114.0,153.0,307906.0,,
2,2,2,-1,vmux-med,1,1,overall,,,,,61020.0,10086.250409701737
0,2,2,-1,vmux-med,1,2,read,97.66154585981467,117.0,151.0,307764.0,,
1,2,2,-1,vmux-med,1,2,update,96.34306821028115,115.0,150.0,307417.0,,
2,2,2,-1,vmux-med,1,2,overall,,,,,61015.0,10082.455133983447
