,repetitions,num_vms,rps,interface,repetition,vm_number,op,avg_us,95th_us,99th_us,ops,runtime,ops_per_sec
0,2,2,-1,vmux-emu,1,1,read,194.45348566551576,248.0,328.0,154662.0,,
1,2,2,-1,vmux-emu,1,1,update,194.74261158893393,242.0,325.0,155683.0,,
2,2,2,-1,vmux-emu,1,1,overall,,,,,61003.0,5087.37275215973
0,2,2,-1,vmux-emu,1,2,read,202.5006143454703,288.0,367.0,148939.0,,
1,2,2,-1,vmux-emu,1,2,update,202.7933974023885,269.0,364.0,149214.0,,
2,2,2,-1,vmux-emu,1,2,overall,,,,,61002.0,4887.593849381988
