,repetitions,num_vms,rps,interface,repetition,vm_number,op,avg_us,95th_us,99th_us,ops,runtime,ops_per_sec
0,2,2,-1,bridge-e1000,0,1,read,168.04884342967267,269.0,288.0,180577.0,,
1,2,2,-1,bridge-e1000,0,1,update,165.50577092658534,267.0,284.0,179174.0,,
2,2,2,-1,bridge-e1000,0,1,overall,,,,,61015.0,5896.107514545603
0,2,2,-1,bridge-e1000,0,2,read,168.4378369300529,269.0,288.0,178635.0,,
1,2,2,-1,bridge-e1000,0,2,update,167.1441166440244,267.0,285.0,178869.0,,
2,2,2,-1,bridge-e1000,0,2,overall,,,,,61015.0,5859.280504793903
