,repetitions,num_vms,rps,interface,repetition,vm_number,op,avg_us,95th_us,99th_us,ops,runtime,ops_per_sec
0,2,2,-1,vmux-emu,1,1,read,226.91858424484485,253.0,359.0,132198.0,,
1,2,2,-1,vmux-emu,1,1,update,227.87107575757577,255.0,362.0,132000.0,,
2,2,2,-1,vmux-emu,1,1,overall,,,,,61020.0,4329.695181907571
0,2,2,-1,vmux-emu,1,2,read,228.29355750405657,250.0,355.0,131269.0,,
1,2,2,-1,vmux-emu,1,2,update,229.83695710240931,253.0,356.0,131033.0,,
2,2,2,-1,vmux-emu,1,2,overall,,,,,61020.0,4298.623402163225
