,repetitions,num_vms,rps,interface,repetition,vm_number,op,avg_us,95th_us,99th_us,ops,runtime,ops_per_sec
0,2,2,-1,vmux-emu,0,1,read,233.85978429552915,264.0,377.0,128231.0,,
1,2,2,-1,vmux-emu,0,1,update,234.2935943060498,262.0,377.0,128136.0,,
2,2,2,-1,vmux-emu,0,1,overall,,,,,61018.0,4201.497918646956
0,2,2,-1,vmux-emu,0,2,read,236.05890266544986,276.0,391.0,127108.0,,
1,2,2,-1,vmux-emu,0,2,update,236.3347820951931,273.0,387.0,127005.0,,
2,2,2,-1,vmux-emu,0,2,overall,,,,,61017.0,4164.626251700346
