,repetitions,num_vms,rps,interface,repetition,vm_number,op,avg_us,95th_us,99th_us,ops,runtime,ops_per_sec
0,2,2,-1,bridge-vhost,0,1,read,98.07989237865144,121.0,132.0,309604.0,,
1,2,2,-1,bridge-vhost,0,1,update,95.15993257278193,118.0,129.0,309074.0,,
2,2,2,-1,bridge-vhost,0,1,overall,,,,,61015.0,10139.768909284601
0,2,2,-1,bridge-vhost,0,2,read,91.31851076789472,109.0,129.0,331634.0,,
1,2,2,-1,bridge-vhost,0,2,update,89.32685155251542,107.0,127.0,330979.0,,
2,2,2,-1,bridge-vhost,0,2,overall,,,,,61016.0,10859.659761374065
