,repetitions,num_vms,rps,interface,repetition,vm_number,op,avg_us,95th_us,99th_us,ops,runtime,ops_per_sec
0,2,2,-1,bridge-vhost,1,1,read,86.97754330013107,106.0,129.0,348671.0,,
1,2,2,-1,bridge-vhost,1,1,update,85.0119530820033,106.0,127.0,348864.0,,
2,2,2,-1,bridge-vhost,1,1,overall,,,,,61003.0,11434.437650607348
0,2,2,-1,bridge-vhost,1,2,read,98.43783298857956,122.0,133.0,309883.0,,
1,2,2,-1,bridge-vhost,1,2,update,95.60296458448356,120.0,130.0,309723.0,,
2,2,2,-1,bridge-vhost,1,2,overall,,,,,61002.0,10157.142388774138
