,repetitions,num_vms,rps,interface,repetition,vm_number,op,avg_us,95th_us,99th_us,ops,runtime,ops_per_sec
0,2,2,-1,vmux-dpdk-e810,0,1,read,96.6735833818651,119.0,156.0,310793.0,,
1,2,2,-1,vmux-dpdk-e810,0,1,update,95.24068098507925,118.0,157.0,309904.0,,
2,2,2,-1,vmux-dpdk-e810,0,1,overall,,,,,61014.0,10173.025862916707
0,2,2,-1,vmux-dpdk-e810,0,2,read,95.91970182812321,113.0,148.0,313108.0,,
1,2,2,-1,vmux-dpdk-e810,0,2,update,94.55454113656722,112.0,147.0,313699.0,,
2,2,2,-1,vmux-dpdk-e810,0,2,overall,,,,,61016.0,10272.830077356759
