,repetitions,num_vms,rps,interface,repetition,vm_number,op,avg_us,95th_us,99th_us,ops,runtime,ops_per_sec
0,2,2,-1,vmux-dpdk-e810,1,1,read,82.85512314024122,102.0,134.0,363488.0,,
1,2,2,-1,vmux-dpdk-e810,1,1,update,81.93956404320987,101.0,133.0,362880.0,,
2,2,2,-1,vmux-dpdk-e810,1,1,overall,,,,,61002.0,11907.281728467919
0,2,2,-1,vmux-dpdk-e810,1,2,read,85.27472310182452,109.0,143.0,354011.0,,
1,2,2,-1,vmux-dpdk-e810,1,2,update,83.77445446856498,108.0,141.0,354700.0,,
2,2,2,-1,vmux-dpdk-e810,1,2,overall,,,,,61002.0,11617.832202222879
