,repetitions,num_vms,rps,interface,repetition,vm_number,op,avg_us,95th_us,99th_us,ops,runtime,ops_per_sec
0,2,2,-1,bridge,0,1,read,115.27470590242368,128.0,139.0,263773.0,,
1,2,2,-1,bridge,0,1,update,112.34844247532051,125.0,136.0,263174.0,,
2,2,2,-1,bridge,0,1,overall,,,,,61016.0,8636.21017438049
0,2,2,-1,bridge,0,2,read,116.508277039283,129.0,144.0,261869.0,,
1,2,2,-1,bridge,0,2,update,113.11694713842144,126.0,144.0,260870.0,,
2,2,2,-1,bridge,0,2,overall,,,,,61016.0,8567.244657139112
