,repetitions,num_vms,rps,interface,repetition,vm_number,op,avg_us,95th_us,99th_us,ops,runtime,ops_per_sec
0,2,2,-1,vmux-vdpdk,1,1,read,57.41875647432468,66.0,84.0,527082.0,,
1,2,2,-1,vmux-vdpdk,1,1,update,55.45514273543931,65.0,85.0,525868.0,,
2,2,2,-1,vmux-vdpdk,1,1,overall,,,,,61016.0,17256.948996984396
0,2,2,-1,vmux-vdpdk,1,2,read,58.171877591160644,68.0,85.0,518590.0,,
1,2,2,-1,vmux-vdpdk,1,2,update,56.280919875073934,66.0,85.0,519027.0,,
2,2,2,-1,vmux-vdpdk,1,2,overall,,,,,61011.0,17007.047909393386
