,repetitions,num_vms,rps,interface,repetition,vm_number,op,avg_us,95th_us,99th_us,ops,runtime,ops_per_sec
0,2,2,-1,vmux-vdpdk,0,1,read,59.12160890792026,67.0,78.0,516574.0,,
1,2,2,-1,vmux-vdpdk,0,1,update,56.63844753312516,65.0,76.0,514639.0,,
2,2,2,-1,vmux-vdpdk,0,1,overall,,,,,61005.0,16903.745594623393
0,2,2,-1,vmux-vdpdk,0,2,read,61.76344205925049,74.0,124.0,493228.0,,
1,2,2,-1,vmux-vdpdk,0,2,update,59.15993875813305,72.0,122.0,494433.0,,
2,2,2,-1,vmux-vdpdk,0,2,overall,,,,,61003.0,16190.367686835074
