,repetitions,num_vms,rps,interface,repetition,vm_number,op,avg_us,95th_us,99th_us,ops,runtime,ops_per_sec
0,2,2,-1,vmux-dpdk-e810,0,1,read,95.95614530699248,112.0,149.0,311506.0,,
1,2,2,-1,vmux-dpdk-e810,0,1,update,95.36617045650908,112.0,149.0,312502.0,,
2,2,2,-1,vmux-dpdk-e810,0,1,overall,,,,,61020.0,10226.286463454606
0,2,2,-1,vmux-dpdk-e810,0,2,read,96.05970623237731,114.0,153.0,311743.0,,
1,2,2,-1,vmux-dpdk-e810,0,2,update,95.20036807655993,114.0,152.0,312435.0,,
2,2,2,-1,vmux-dpdk-e810,0,2,overall,,,,,61021.0,10228.90480326445
