,repetitions,num_vms,rps,interface,repetition,vm_number,op,avg_us,95th_us,99th_us,ops,runtime,ops_per_sec
0,2,2,-1,vmux-med,1,1,read,84.95571084405246,107.0,138.0,354895.0,,
1,2,2,-1,vmux-med,1,1,update,83.60624570533834,106.0,137.0,355092.0,,
2,2,2,-1,vmux-med,1,1,overall,,,,,61002.0,11638.749549195109
0,2,2,-1,vmux-med,1,2,read,93.35577983075848,117.0,151.0,322025.0,,
1,2,2,-1,vmux-med,1,2,update,92.27895986209073,116.0,150.0,323111.0,,
2,2,2,-1,vmux-med,1,2,overall,,,,,61003.0,10575.47989443142
