,repetitions,num_vms,rps,interface,repetition,vm_number,op,avg_us,95th_us,99th_us,ops,runtime,ops_per_sec
0,2,2,-1,bridge,0,1,read,105.08939132727215,120.0,134.0,288283.0,,
1,2,2,-1,bridge,0,1,update,102.76596143694607,118.0,132.0,287944.0,,
2,2,2,-1,bridge,0,1,overall,,,,,61013.0,9444.331535902185
0,2,2,-1,bridge,0,2,read,108.43827905394518,125.0,133.0,279265.0,,
1,2,2,-1,bridge,0,2,update,105.91930438015967,122.0,130.0,279693.0,,
2,2,2,-1,bridge,0,2,overall,,,,,61013.0,9161.293494828971
