,repetitions,num_vms,rps,interface,repetition,vm_number,op,avg_us,95th_us,99th_us,ops,runtime,ops_per_sec
0,2,2,-1,vmux-med,0,1,read,97.23370864514706,126.0,154.0,308277.0,,
1,2,2,-1,vmux-med,0,1,update,96.40541040717665,125.0,154.0,307999.0,,
2,2,2,-1,vmux-med,0,1,overall,,,,,61016.0,10100.236003671169
0,2,2,-1,vmux-med,0,2,read,96.81717527285832,116.0,152.0,310784.0,,
1,2,2,-1,vmux-med,0,2,update,95.35151466400683,115.0,151.0,310795.0,,
2,2,2,-1,vmux-med,0,2,overall,,,,,61015.0,10187.314594771777
