,repetitions,num_vms,rps,interface,repetition,vm_number,op,avg_us,95th_us,99th_us,ops,runtime,ops_per_sec
0,2,2,-1,bridge,1,1,read,114.60665944570265,127.0,141.0,264046.0,,
1,2,2,-1,bridge,1,1,update,111.9700297328565,125.0,140.0,265363.0,,
2,2,2,-1,bridge,1,1,overall,,,,,61016.0,8676.560246492723
0,2,2,-1,bridge,1,2,read,108.79229929256418,124.0,135.0,277481.0,,
1,2,2,-1,bridge,1,2,update,106.90431517677493,122.0,133.0,278320.0,,
2,2,2,-1,bridge,1,2,overall,,,,,61018.0,9108.803959487364
