,repetitions,num_vms,rps,interface,repetition,vm_number,op,avg_us,95th_us,99th_us,ops,runtime,ops_per_sec
0,2,2,-1,bridge,0,1,read,117.13812566519252,129.0,139.0,260263.0,,
1,2,2,-1,bridge,0,1,update,114.16754657373008,126.0,136.0,260823.0,,
2,2,2,-1,bridge,0,1,overall,,,,,61002.0,8542.113373332022
0,2,2,-1,bridge,0,2,read,110.52548694872102,126.0,135.0,275337.0,,
1,2,2,-1,bridge,0,2,update,108.51151724213375,124.0,133.0,274241.0,,
2,2,2,-1,bridge,0,2,overall,,,,,61003.0,9009.032342671671
