,repetitions,num_vms,rps,interface,repetition,vm_number,op,avg_us,95th_us,99th_us,ops,runtime,ops_per_sec
0,2,2,-1,bridge-e1000,0,1,read,146.62396878917144,162.0,288.0,205826.0,,
1,2,2,-1,bridge-e1000,0,1,update,144.94456299349093,160.0,287.0,204791.0,,
2,2,2,-1,bridge-e1000,0,1,overall,,,,,61015.0,6729.771367696468
0,2,2,-1,bridge-e1000,0,2,read,169.93602635131728,271.0,291.0,178511.0,,
1,2,2,-1,bridge-e1000,0,2,update,165.8439998213568,268.0,289.0,179128.0,,
2,2,2,-1,bridge-e1000,0,2,overall,,,,,61015.0,5861.493075473244
