,repetitions,num_vms,rps,interface,repetition,vm_number,op,avg_us,95th_us,99th_us,ops,runtime,ops_per_sec
0,2,2,-1,vmux-dpdk-e810,1,1,read,99.05852019714848,129.0,171.0,302716.0,,
1,2,2,-1,vmux-dpdk-e810,1,1,update,98.0636447959544,128.0,171.0,302947.0,,
2,2,2,-1,vmux-dpdk-e810,1,1,overall,,,,,61021.0,9925.48466921224
0,2,2,-1,vmux-dpdk-e810,1,2,read,95.69819129857615,112.0,149.0,313374.0,,
1,2,2,-1,vmux-dpdk-e810,1,2,update,94.695784217185,111.0,148.0,313797.0,,
2,2,2,-1,vmux-dpdk-e810,1,2,overall,,,,,61022.0,10277.785061125496
