,repetitions,num_vms,rps,interface,repetition,vm_number,op,avg_us,95th_us,99th_us,ops,runtime,ops_per_sec
0,2,2,-1,vmux-dpdk-e810,1,1,read,98.45307110042997,128.0,172.0,305835.0,,
1,2,2,-1,vmux-dpdk-e810,1,1,update,96.95605764974012,127.0,173.0,304945.0,,
2,2,2,-1,vmux-dpdk-e810,1,1,overall,,,,,61018.0,10009.833163984398
0,2,2,-1,vmux-dpdk-e810,1,2,read,98.12905248103753,121.0,160.0,306263.0,,
1,2,2,-1,vmux-dpdk-e810,1,2,update,96.8548298887539,120.0,160.0,305359.0,,
2,2,2,-1,vmux-dpdk-e810,1,2,overall,,,,,61015.0,10024.125215111038
