,repetitions,num_vms,rps,interface,repetition,vm_number,op,avg_us,95th_us,99th_us,ops,runtime,ops_per_sec
0,2,2,-1,bridge-e1000,0,1,read,143.82160357190153,159.0,271.0,211428.0,,
1,2,2,-1,bridge-e1000,0,1,update,141.6594759634561,158.0,270.0,210596.0,,
2,2,2,-1,bridge-e1000,0,1,overall,,,,,61003.0,6918.0859957707
0,2,2,-1,bridge-e1000,0,2,read,141.09209889639513,158.0,251.0,214932.0,,
1,2,2,-1,bridge-e1000,0,2,update,139.1286439178809,155.0,254.0,214810.0,,
2,2,2,-1,bridge-e1000,0,2,overall,,,,,61002.0,7044.719845250976
