,repetitions,num_vms,rps,interface,repetition,vm_number,op,avg_us,95th_us,99th_us,ops,runtime,ops_per_sec
0,2,2,-1,vmux-emu,1,1,read,227.67967853914575,250.0,341.0,131649.0,,
1,2,2,-1,vmux-emu,1,1,update,228.9074533737162,251.0,315.0,131739.0,,
2,2,2,-1,vmux-emu,1,1,overall,,,,,61015.0,4316.774563631894
0,2,2,-1,vmux-emu,1,2,read,229.57297293144117,252.0,322.0,130151.0,,
1,2,2,-1,vmux-emu,1,2,update,231.49605502265774,253.0,322.0,130419.0,,
2,2,2,-1,vmux-emu,1,2,overall,,,,,61016.0,4270.51920807657
