,repetitions,num_vms,rps,interface,repetition,vm_number,op,avg_us,95th_us,99th_us,ops,runtime,ops_per_sec
0,2,2,-1,bridge-e1000,1,1,read,140.68873801584476,157.0,249.0,216223.0,,
1,2,2,-1,bridge-e1000,1,1,update,138.67208385869085,155.0,255.0,214933.0,,
2,2,2,-1,bridge-e1000,1,1,overall,,,,,61003.0,7067.783551628609
0,2,2,-1,bridge-e1000,1,2,read,138.95402177843485,154.0,165.0,218473.0,,
1,2,2,-1,bridge-e1000,1,2,update,136.6485700547249,152.0,163.0,218365.0,,
2,2,2,-1,bridge-e1000,1,2,overall,,,,,61003.0,7160.926511810894
