,repetitions,num_vms,rps,interface,repetition,vm_number,op,avg_us,95th_us,99th_us,ops,runtime,ops_per_sec
0,2,2,-1,vmux-emu,0,1,read,231.1266679974817,255.0,360.0,130246.0,,
1,2,2,-1,vmux-emu,0,1,update,231.69197505646213,255.0,359.0,129733.0,,
2,2,2,-1,vmux-emu,0,1,overall,,,,,61016.0,4260.833224072375
0,2,2,-1,vmux-emu,0,2,read,236.30821756349008,261.0,367.0,127264.0,,
1,2,2,-1,vmux-emu,0,2,update,235.95916534018377,260.0,365.0,126902.0,,
2,2,2,-1,vmux-emu,0,2,overall,,,,,61018.0,4165.426595430857
