,repetitions,num_vms,rps,interface,repetition,vm_number,op,avg_us,95th_us,99th_us,ops,runtime,ops_per_sec
0,2,2,-1,vmux-vdpdk,1,1,read,59.40757661361024,68.0,77.0,513290.0,,
1,2,2,-1,vmux-vdpdk,1,1,update,56.92773953133396,65.0,75.0,513628.0,,
2,2,2,-1,vmux-vdpdk,1,1,overall,,,,,61005.0,16833.341529382837
0,2,2,-1,vmux-vdpdk,1,2,read,59.10883934747297,68.0,79.0,514676.0,,
1,2,2,-1,vmux-vdpdk,1,2,update,56.89972077188987,66.0,79.0,514633.0,,
2,2,2,-1,vmux-vdpdk,1,2,overall,,,,,61004.0,16872.811618910237
