,repetitions,num_vms,rps,interface,repetition,vm_number,op,avg_us,95th_us,99th_us,ops,runtime,ops_per_sec
0,2,2,-1,vmux-med,1,1,read,96.32357825423593,113.0,149.0,311325.0,,
1,2,2,-1,vmux-med,1,1,update,95.08765766025918,112.0,148.0,311667.0,,
2,2,2,-1,vmux-med,1,1,overall,,,,,61018.0,10209.97082828018
0,2,2,-1,vmux-med,1,2,read,96.00378324281598,114.0,151.0,313752.0,,
1,2,2,-1,vmux-med,1,2,update,94.76085828164248,113.0,149.0,312112.0,,
2,2,2,-1,vmux-med,1,2,overall,,,,,61022.0,10256.366556323948
