,repetitions,num_vms,rps,interface,repetition,vm_number,op,avg_us,95th_us,99th_us,ops,runtime,ops_per_sec
0,2,2,-1,vmux-dpdk-e810,0,1,read,82.85667195969994,103.0,133.0,365260.0,,
1,2,2,-1,vmux-dpdk-e810,0,1,update,81.21308806682708,102.0,131.0,364882.0,,
2,2,2,-1,vmux-dpdk-e810,0,1,overall,,,,,61002.0,11969.148552506475
0,2,2,-1,vmux-dpdk-e810,0,2,read,83.56017795773366,104.0,141.0,362558.0,,
1,2,2,-1,vmux-dpdk-e810,0,2,update,81.57317487079159,103.0,140.0,362399.0,,
2,2,2,-1,vmux-dpdk-e810,0,2,overall,,,,,61002.0,11884.151339300352
