,repetitions,num_vms,rps,interface,repetition,vm_number,op,avg_us,95th_us,99th_us,ops,runtime,ops_per_sec
0,2,2,-1,bridge-e1000,1,1,read,166.69330521354155,269.0,284.0,181604.0,,
1,2,2,-1,bridge-e1000,1,1,update,163.17542973254984,267.0,281.0,182090.0,,
2,2,2,-1,bridge-e1000,1,1,overall,,,,,61026.0,5959.65653983548
0,2,2,-1,bridge-e1000,1,2,read,141.49005613472335,153.0,265.0,211990.0,,
1,2,2,-1,bridge-e1000,1,2,update,140.7681076856438,152.0,265.0,212396.0,,
2,2,2,-1,bridge-e1000,1,2,overall,,,,,61016.0,6955.32319391635
