,repetitions,num_vms,rps,interface,repetition,vm_number,op,avg_us,95th_us,99th_us,ops,runtime,ops_per_sec
0,2,2,-1,bridge,1,1,read,117.51396330042346,129.0,139.0,260003.0,,
1,2,2,-1,bridge,1,1,update,114.20657201123552,126.0,136.0,259890.0,,
2,2,2,-1,bridge,1,1,overall,,,,,61002.0,8522.556637487296
0,2,2,-1,bridge,1,2,read,110.5931996665004,125.0,133.0,274663.0,,
1,2,2,-1,bridge,1,2,update,108.55046148475174,123.0,131.0,274982.0,,
2,2,2,-1,bridge,1,2,overall,,,,,61003.0,9010.130649312328
