,repetitions,num_vms,rps,interface,repetition,vm_number,op,avg_us,95th_us,99th_us,ops,runtime,ops_per_sec
0,2,2,-1,bridge-vhost,1,1,read,90.02887461285978,102.0,129.0,334827.0,,
1,2,2,-1,bridge-vhost,1,1,update,88.30840608258346,101.0,127.0,335055.0,,
2,2,2,-1,bridge-vhost,1,1,overall,,,,,61021.0,10977.892856557579
0,2,2,-1,bridge-vhost,1,2,read,90.69874651894357,103.0,129.0,332514.0,,
1,2,2,-1,bridge-vhost,1,2,update,88.99125680760768,102.0,127.0,332716.0,,
2,2,2,-1,bridge-vhost,1,2,overall,,,,,61014.0,10902.907529419477
