,repetitions,num_vms,rps,interface,repetition,vm_number,op,avg_us,95th_us,99th_us,ops,runtime,ops_per_sec
0,2,2,-1,bridge-vhost,0,1,read,84.13508696812652,95.0,128.0,359672.0,,
1,2,2,-1,bridge-vhost,0,1,update,81.85721987550022,94.0,126.0,359840.0,,
2,2,2,-1,bridge-vhost,0,1,overall,,,,,61019.0,11791.605893246366
0,2,2,-1,bridge-vhost,0,2,read,97.51855717781875,117.0,132.0,311362.0,,
1,2,2,-1,bridge-vhost,0,2,update,94.60599665142058,114.0,128.0,311774.0,,
2,2,2,-1,bridge-vhost,0,2,overall,,,,,61017.0,10212.498156251537
