,repetitions,num_vms,rps,interface,repetition,vm_number,op,avg_us,95th_us,99th_us,ops,runtime,ops_per_sec
0,2,2,-1,vmux-med,0,1,read,82.16456815689433,101.0,135.0,367483.0,,
1,2,2,-1,vmux-med,0,1,update,80.54994080205074,99.0,133.0,368256.0,,
2,2,2,-1,vmux-med,0,1,overall,,,,,61002.0,12060.899642634668
0,2,2,-1,vmux-med,0,2,read,93.40522208058388,120.0,151.0,320064.0,,
1,2,2,-1,vmux-med,0,2,update,93.47178898082946,119.0,150.0,321222.0,,
2,2,2,-1,vmux-med,0,2,overall,,,,,61004.0,10512.195921578912
