,repetitions,num_vms,rps,interface,repetition,vm_number,op,avg_us,95th_us,99th_us,ops,runtime,ops_per_sec
0,2,2,-1,bridge-vhost,0,1,read,90.11623522157265,115.0,130.0,337316.0,,
1,2,2,-1,bridge-vhost,0,1,update,88.27353335334128,114.0,128.0,336533.0,,
2,2,2,-1,bridge-vhost,0,1,overall,,,,,61002.0,11046.34274286089
0,2,2,-1,bridge-vhost,0,2,read,98.1684973560281,118.0,134.0,311085.0,,
1,2,2,-1,bridge-vhost,0,2,update,94.91048581866234,115.0,131.0,311783.0,,
2,2,2,-1,bridge-vhost,0,2,overall,,,,,61002.0,10210.616045375562
