,repetitions,num_vms,rps,interface,repetition,vm_number,op,avg_us,95th_us,99th_us,ops,runtime,ops_per_sec
0,2,2,-1,bridge-e1000,1,1,read,143.08556788742627,159.0,268.0,209214.0,,
1,2,2,-1,bridge-e1000,1,1,update,142.6467882262742,159.0,270.0,209993.0,,
2,2,2,-1,bridge-e1000,1,1,overall,,,,,61017.0,6870.331219168428
0,2,2,-1,bridge-e1000,1,2,read,167.8618238038768,268.0,287.0,180458.0,,
1,2,2,-1,bridge-e1000,1,2,update,164.8264560820172,266.0,282.0,180450.0,,
2,2,2,-1,bridge-e1000,1,2,overall,,,,,61017.0,5914.876182047626
