,repetitions,num_vms,rps,interface,repetition,vm_number,op,avg_us,95th_us,99th_us,ops,runtime,ops_per_sec
0,2,2,-1,vmux-emu,0,1,read,196.05380335153552,298.0,330.0,154377.0,,
1,2,2,-1,vmux-emu,0,1,update,195.10161772042008,269.0,326.0,154353.0,,
2,2,2,-1,vmux-emu,0,1,overall,,,,,61002.0,5060.981607160421
0,2,2,-1,vmux-emu,0,2,read,206.03155520623312,303.0,363.0,146315.0,,
1,2,2,-1,vmux-emu,0,2,update,206.35507281006574,296.0,362.0,146477.0,,
2,2,2,-1,vmux-emu,0,2,overall,,,,,61003.0,4799.632804944019
