,repetitions,num_vms,rps,interface,repetition,vm_number,op,avg_us,95th_us,99th_us,ops,runtime,ops_per_sec
0,2,2,-1,vmux-med,0,1,read,96.58270651325239,113.0,157.0,311227.0,,
1,2,2,-1,vmux-med,0,1,update,94.68410935908197,112.0,156.0,312146.0,,
2,2,2,-1,vmux-med,0,1,overall,,,,,61016.0,10216.54975744067
0,2,2,-1,vmux-med,0,2,read,95.11265224452838,113.0,148.0,315857.0,,
1,2,2,-1,vmux-med,0,2,update,93.72345226566406,112.0,147.0,315978.0,,
2,2,2,-1,vmux-med,0,2,overall,,,,,61016.0,10355.234692539661
