,repetitions,num_vms,rps,interface,repetition,vm_number,op,avg_us,95th_us,99th_us,ops,runtime,ops_per_sec
0,2,2,-1,vmux-vdpdk,0,1,read,58.535369497480325,67.0,82.0,515741.0,,
1,2,2,-1,vmux-vdpdk,0,1,update,56.69765171657578,66.0,82.0,515270.0,,
2,2,2,-1,vmux-vdpdk,0,1,overall,,,,,61011.0,16898.772352526594
0,2,2,-1,vmux-vdpdk,0,2,read,57.5984880438662,67.0,81.0,523957.0,,
1,2,2,-1,vmux-vdpdk,0,2,update,55.83202093711977,65.0,80.0,522708.0,,
2,2,2,-1,vmux-vdpdk,0,2,overall,,,,,61013.0,17154.786684804876
