,repetitions,num_vms,rps,interface,repetition,vm_number,op,avg_us,95th_us,99th_us,ops,runtime,ops_per_sec
0,2,2,-1,vmux-dpdk-e810,1,1,read,98.06492546306701,133.0,155.0,307029.0,,
1,2,2,-1,vmux-dpdk-e810,1,1,update,96.64751030371065,132.0,154.0,306443.0,,
2,2,2,-1,vmux-dpdk-e810,1,1,overall,,,,,61018.0,10053.951293061064
0,2,2,-1,vmux-dpdk-e810,1,2,read,96.55744371682725,114.0,150.0,311061.0,,
1,2,2,-1,vmux-dpdk-e810,1,2,update,95.50118454427235,113.0,149.0,310668.0,,
2,2,2,-1,vmux-dpdk-e810,1,2,overall,,,,,61017.0,10189.439008800826
