,repetitions,num_vms,rps,interface,repetition,vm_number,op,avg_us,95th_us,99th_us,ops,runtime,ops_per_sec
0,2,2,-1,vmux-dpdk-e810,0,1,read,96.64649210280825,113.0,154.0,310870.0,,
1,2,2,-1,vmux-dpdk-e810,0,1,update,95.42658003619962,113.0,153.0,311053.0,,
2,2,2,-1,vmux-dpdk-e810,0,1,overall,,,,,61018.0,10192.451407781311
0,2,2,-1,vmux-dpdk-e810,0,2,read,99.59692621182656,131.0,168.0,301322.0,,
1,2,2,-1,vmux-dpdk-e810,0,2,update,98.5195934601259,130.0,166.0,301963.0,,
2,2,2,-1,vmux-dpdk-e810,0,2,overall,,,,,61020.0,9886.676499508358
