,repetitions,num_vms,rps,interface,repetition,vm_number,op,avg_us,95th_us,99th_us,ops,runtime,ops_per_sec
0,2,2,-1,bridge-e1000,1,1,read,274.59518553654175,308.0,396.0,109628.0,,
1,2,2,-1,bridge-e1000,1,1,update,273.17504345372976,309.0,399.0,109887.0,,
2,2,2,-1,bridge-e1000,1,1,overall,,,,,61018.0,3597.5449867252287
0,2,2,-1,bridge-e1000,1,2,read,269.95437741178165,309.0,392.0,111173.0,,
1,2,2,-1,bridge-e1000,1,2,update,270.9700009003331,311.0,399.0,111070.0,,
2,2,2,-1,bridge-e1000,1,2,overall,,,,,61022.0,3642.014355478352
