,repetitions,num_vms,rps,interface,repetition,vm_number,op,avg_us,95th_us,99th_us,ops,runtime,ops_per_sec
0,2,2,-1,bridge-e1000,1,1,read,163.23484449270504,253.0,278.0,187869.0,,
1,2,2,-1,bridge-e1000,1,1,update,156.25723291201243,246.0,275.0,187822.0,,
2,2,2,-1,bridge-e1000,1,1,overall,,,,,61017.0,6157.152924594785
0,2,2,-1,bridge-e1000,1,2,read,155.1045467813049,249.0,284.0,195281.0,,
1,2,2,-1,bridge-e1000,1,2,update,151.63357490269885,247.0,278.0,195527.0,,
2,2,2,-1,bridge-e1000,1,2,overall,,,,,61021.0,6404.483702331984
