,repetitions,num_vms,rps,interface,repetition,vm_number,op,avg_us,95th_us,99th_us,ops,runtime,ops_per_sec
0,2,2,-1,bridge-e1000,0,1,read,149.46229330174245,242.0,283.0,202590.0,,
1,2,2,-1,bridge-e1000,0,1,update,146.85360657199766,236.0,280.0,201826.0,,
2,2,2,-1,bridge-e1000,0,1,overall,,,,,61023.0,6627.271684446848
0,2,2,-1,bridge-e1000,0,2,read,160.78568905618204,257.0,294.0,189687.0,,
1,2,2,-1,bridge-e1000,0,2,update,154.954909703575,250.0,294.0,189930.0,,
2,2,2,-1,bridge-e1000,0,2,overall,,,,,61018.0,6221.393687108722
