,repetitions,num_vms,rps,interface,repetition,vm_number,op,avg_us,95th_us,99th_us,ops,runtime,ops_per_sec
0,2,2,-1,vmux-med,1,1,read,271.28534491484095,206.0,2143.0,108679.0,,
1,2,2,-1,vmux-med,1,1,update,283.1211948581772,205.0,2113.0,108833.0,,
2,2,2,-1,vmux-med,1,1,overall,,,,,61024.0,3564.3681174619824
0,2,2,-1,vmux-med,1,2,read,361.09156776238115,194.0,2001.0,80465.0,,
1,2,2,-1,vmux-med,1,2,update,390.62424935659135,195.0,2117.0,80431.0,,
2,2,2,-1,vmux-med,1,2,overall,,,,,61086.0,2633.9259404773597
