,repetitions,num_vms,rps,interface,repetition,vm_number,op,avg_us,95th_us,99th_us,ops,runtime,ops_per_sec
0,2,2,-1,vmux-dpdk-e810,1,1,read,244.14872704098306,183.0,1968.0,122392.0,,
1,2,2,-1,vmux-dpdk-e810,1,1,update,248.38578369829287,179.0,1869.0,122662.0,,
2,2,2,-1,vmux-dpdk-e810,1,1,overall,,,,,61082.0,4011.8856618971217
0,2,2,-1,vmux-dpdk-e810,1,2,read,266.7642842721583,175.0,1924.0,118872.0,,
1,2,2,-1,vmux-dpdk-e810,1,2,update,239.98194524846258,174.0,1937.0,119193.0,,
2,2,2,-1,vmux-dpdk-e810,1,2,overall,,,,,61020.0,3901.4257620452313
