,repetitions,num_vms,rps,interface,repetition,vm_number,op,avg_us,95th_us,99th_us,ops,runtime,ops_per_sec
0,2,2,-1,vmux-med,0,1,read,282.9468230923224,210.0,2319.0,110894.0,,
1,2,2,-1,vmux-med,0,1,update,260.20990549087253,207.0,2287.0,111312.0,,
2,2,2,-1,vmux-med,0,1,overall,,,,,61107.0,3636.342808516209
0,2,2,-1,vmux-med,0,2,read,206.3939653327627,192.0,1972.0,144863.0,,
1,2,2,-1,vmux-med,0,2,update,209.40385915065585,192.0,1981.0,145006.0,,
2,2,2,-1,vmux-med,0,2,overall,,,,,61070.0,4746.50401178975
