,repetitions,num_vms,rps,interface,repetition,vm_number,op,avg_us,95th_us,99th_us,ops,runtime,ops_per_sec
0,2,2,-1,bridge-vhost,0,1,read,93.88896659016343,120.0,135.0,324605.0,,
1,2,2,-1,bridge-vhost,0,1,update,90.0833996287457,116.0,131.0,324306.0,,
2,2,2,-1,bridge-vhost,0,1,overall,,,,,61015.0,10635.270015569942
0,2,2,-1,bridge-vhost,0,2,read,85.36260884315277,120.0,131.0,353720.0,,
1,2,2,-1,bridge-vhost,0,2,update,83.4084735220108,118.0,128.0,353690.0,,
2,2,2,-1,bridge-vhost,0,2,overall,,,,,61015.0,11594.034253871998
